 Destination Port, Flow Duration, Total Fwd Packets, Total Backward Packets,Total Length of Fwd Packets, Total Length of Bwd Packets, Fwd Packet Length Max, Fwd Packet Length Mean, Bwd Packet Length Max, Bwd Packet Length Mean,Flow Bytes/s, Flow Packets/s, Flow IAT Mean, Fwd IAT Mean, Min Packet Length, Max Packet Length, Packet Length Mean, Average Packet Size, Label
80,3607626,13,8,7963,8666,682,612.54,1251,1083.29,4609.5,5.82,171791.74,277509.74,275,1823,791.87,828.66,BENIGN
8080,1880185,16,17,6498,18567,457,406.18,1726,1092.2,13331.8,17.55,56975.32,117511.59,170,1482,759.58,757.84,BENIGN
21,1760,1,2,57,123,83,57.93,99,61.89,103216.92,1704.07,586.83,1760.49,36,74,60.57,63.91,FTP-Patator
22,2550,1,1,36,98,56,36.1,108,98.65,52826.55,784.03,1275.46,2550.92,28,133,67.38,66.64,FTP-Patator
8080,2742220,18,16,10194,17809,696,566.37,1646,1113.08,10212.19,12.4,80653.55,152345.6,242,1882,823.65,808.01,BENIGN
443,2002212,9,14,3808,14280,658,423.12,1426,1020.05,9034.36,11.49,87052.74,222468.11,284,1461,786.47,851.37,BENIGN
80,2083017,12,19,6788,12187,715,565.68,1003,641.46,9109.82,14.88,67194.11,173584.79,271,918,612.13,592.91,BENIGN
443,3571158,14,17,9996,16739,909,714.04,1524,984.65,7486.54,8.68,115198.66,255082.75,219,1326,862.44,838.38,BENIGN
21,1226,2,2,117,143,73,58.74,96,71.76,212729.74,3260.38,306.71,613.43,36,117,65.25,68.73,FTP-Patator
443,2392573,22,8,11118,9111,691,505.41,1338,1138.9,8455.42,12.54,79752.46,108753.36,346,1367,674.34,723.71,BENIGN
443,2986714,15,13,8409,9669,895,560.64,968,743.82,6053.23,9.37,106668.38,199114.32,189,1088,645.69,618.79,BENIGN
80,3121266,12,7,5280,7344,506,440.03,1335,1049.2,4044.78,6.09,164277.17,260105.51,329,1738,664.46,687.53,BENIGN
8080,2557633,14,14,9105,14933,905,650.39,1658,1066.67,9398.87,10.95,91344.04,182688.08,228,1672,858.53,857.28,BENIGN
53,2125908,9,11,4655,8452,796,517.23,1165,768.45,6165.85,9.41,106295.43,236212.07,293,1094,655.4,636.07,BENIGN
80,3495717,11,20,6469,19246,733,588.12,1078,962.32,7356.36,8.87,112765.08,317792.51,435,1324,829.54,798.3,BENIGN
53,1626267,11,16,6159,16134,782,559.96,1341,1008.39,13708.54,16.6,60232.14,147842.52,346,1494,825.69,864.37,BENIGN
443,2469373,14,14,7336,16447,601,524.03,1574,1174.81,9631.53,11.34,88191.9,176383.8,280,1971,849.42,881.7,BENIGN
8080,2544487,13,16,6700,15277,686,515.43,1308,954.87,8637.67,11.4,87740.95,195729.81,160,1318,757.88,721.14,BENIGN
443,2560196,17,20,4841,15024,432,284.79,1009,751.22,7759.5,14.45,69194.49,150599.77,102,982,536.91,537.29,BENIGN
8080,1980435,10,23,4589,17242,578,458.98,844,749.65,11023.75,16.66,60013.2,198043.56,163,1226,661.57,658.07,BENIGN
80,1161638,15,13,6395,9391,480,426.36,1120,722.46,13590.62,24.1,41487.08,77442.54,210,878,563.84,566.35,BENIGN
80,3840967,15,19,5797,18540,585,386.52,1486,975.83,6336.59,8.85,112969.62,256064.47,168,1623,715.84,767.4,BENIGN
53,1094980,15,26,9173,24782,771,611.54,1509,953.18,31010.45,37.44,26706.85,72998.73,270,1495,828.19,886.39,BENIGN
443,3993987,21,12,10482,9021,670,499.18,893,751.82,4883.5,8.26,121029.93,190189.9,335,1252,591.05,617.2,BENIGN
21,120,5,2,220,178,69,44.1,139,89.27,3325561.2,58333.33,17.14,24.0,24,109,57.01,54.53,FTP-Patator
443,1382362,15,15,8026,12487,602,535.09,919,832.52,14839.92,21.7,46078.77,92157.53,306,1069,683.81,686.89,BENIGN
80,2723957,14,11,6087,9642,554,434.83,1297,876.55,5774.59,9.18,108958.3,194568.39,203,1419,629.19,621.24,BENIGN
8080,2892290,13,19,8061,17718,976,620.14,1403,932.54,8913.42,11.06,90384.07,222483.86,474,1547,805.63,842.4,BENIGN
53,2087769,13,17,5019,14260,610,386.14,924,838.83,9234.66,14.37,69592.31,160597.64,199,1057,642.66,643.49,BENIGN
21,1620,3,4,165,186,80,55.3,60,46.73,217762.71,4320.56,231.45,540.05,33,89,50.4,50.45,FTP-Patator
8080,3051361,10,16,5687,14602,739,568.78,1040,912.65,6649.56,8.52,117360.06,305136.15,363,1163,780.39,758.83,BENIGN
443,2821404,19,11,7744,9253,456,407.59,1230,841.23,6024.59,10.63,94046.82,148494.97,294,1231,566.59,551.95,BENIGN
443,3123346,11,16,4546,12635,461,413.29,1104,789.69,5500.92,8.64,115679.51,283940.61,271,1173,636.34,687.84,BENIGN
443,1658511,20,9,12605,7404,770,630.27,1078,822.7,12064.84,17.49,57190.04,82925.56,464,1158,689.99,735.38,BENIGN
21,2489,2,3,133,207,74,66.88,92,69.13,137043.2,2008.56,497.87,1244.67,52,113,68.23,69.26,SSH-Patator
80,1770095,22,9,9249,5669,531,420.42,970,629.9,8428.03,17.51,57099.86,80458.89,172,962,481.24,480.79,BENIGN
21,2492,4,2,200,131,61,50.19,100,65.87,133400.32,2407.32,415.4,623.1,25,100,55.41,56.02,FTP-Patator
443,547455,14,10,9728,8616,845,694.92,1280,861.68,33510.78,43.84,22810.64,39103.95,264,1217,764.4,783.11,BENIGN
21,1890,2,1,97,16,61,48.94,20,16.71,60599.91,1586.53,630.31,945.46,9,74,38.2,36.76,SSH-Patator
443,2381772,10,24,4122,20737,596,412.22,1355,864.06,10437.44,14.28,70052.12,238177.22,215,1070,731.16,719.09,BENIGN
53,1975148,9,23,3371,20298,502,374.66,1089,882.56,11984.4,16.2,61723.39,219460.94,219,1173,739.72,757.84,BENIGN
22,864,3,1,225,67,96,75.33,76,67.23,339202.16,4627.18,216.11,288.15,24,99,73.31,75.75,SSH-Patator
8080,3377195,13,20,6980,17701,761,536.99,990,885.06,7308.44,9.77,102339.26,259784.28,320,1321,747.94,753.49,BENIGN
22,1322,2,2,100,102,79,50.41,81,51.22,153723.71,3025.37,330.54,661.08,39,80,50.81,55.42,FTP-Patator
443,2824923,7,13,3726,9724,643,532.29,849,748.02,4761.3,7.08,141246.16,403560.47,306,929,672.52,661.7,BENIGN
443,3098724,11,22,6257,12397,784,568.89,823,563.53,6020.35,10.65,93900.76,281702.27,383,730,565.32,593.59,BENIGN
443,772695,25,3,12365,1554,635,494.62,711,518.04,18014.5,36.24,27596.27,30907.82,287,664,497.13,520.71,BENIGN
443,2203215,11,18,5763,18651,758,523.92,1185,1036.18,11081.24,13.16,75972.94,200292.3,187,1506,841.87,924.78,BENIGN
443,2599732,7,24,4456,23465,712,636.64,1089,977.74,10740.46,11.92,83862.35,371390.42,470,1359,900.72,867.37,BENIGN
53,2310713,11,12,5339,12192,741,485.43,1461,1016.03,7587.3,9.95,100465.8,210064.85,256,1693,762.26,768.47,BENIGN
53,2982490,11,18,5383,22007,654,489.45,1409,1222.64,9184.06,9.72,102844.51,271135.53,369,1800,944.53,990.36,BENIGN
53,2709423,19,15,10501,14552,747,552.73,1383,970.18,9247.2,12.55,79688.93,142601.25,415,1206,736.9,805.65,BENIGN
22,1008,3,1,184,48,87,61.45,69,48.13,230545.13,3966.77,252.09,336.13,26,84,58.12,56.61,FTP-Patator
22,846,2,2,80,136,59,40.3,80,68.0,255859.05,4724.91,211.64,423.29,32,110,54.15,58.66,FTP-Patator
80,3959044,15,12,9486,11041,779,632.43,1248,920.13,5185.07,6.82,146631.29,263936.31,367,1352,760.29,775.58,BENIGN
80,2928813,16,19,11741,16707,1024,733.85,1068,879.33,9713.45,11.95,83680.38,183050.83,286,1253,812.83,825.46,BENIGN
443,1549695,9,15,6293,10659,934,699.32,803,710.62,10939.71,15.49,64570.66,172188.42,345,1008,706.38,672.66,BENIGN
443,4515099,23,14,17093,12306,861,743.17,976,879.03,6511.36,8.19,122029.71,196308.66,397,1120,794.58,808.67,BENIGN
80,3435286,18,21,9877,13129,655,548.75,846,625.2,6697.13,11.35,88084.27,190849.25,434,990,589.91,597.51,BENIGN
21,3061,4,1,222,109,77,55.67,152,109.74,108569.6,1633.01,612.36,765.46,28,163,66.48,72.53,FTP-Patator
8080,2554678,14,17,9615,13473,1087,686.83,1053,792.57,9038.02,12.13,82408.98,182477.04,493,1246,744.81,801.34,BENIGN
8080,1845659,17,17,10057,17559,739,591.59,1188,1032.92,14963.11,18.42,54284.09,108568.18,440,1751,812.26,881.63,BENIGN
53,2802683,16,21,7694,22441,715,480.88,1687,1068.63,10752.36,13.2,75748.21,175167.73,245,1366,814.47,829.68,BENIGN
443,3272673,11,14,4959,10990,598,450.89,1239,785.01,4873.66,7.64,130906.96,297515.81,244,1167,638.0,689.02,BENIGN
443,1769003,8,7,4594,8567,653,574.25,1485,1223.93,7440.1,8.48,117933.57,221125.44,237,1838,877.44,912.27,BENIGN
53,2880132,14,25,6642,22166,563,474.44,1004,886.66,10002.51,13.54,73849.55,205723.76,282,1320,738.68,737.37,BENIGN
80,1585069,11,11,5290,16893,768,480.92,2334,1535.74,13995.1,13.88,72048.61,144097.23,314,2084,1008.33,992.65,BENIGN
53,2490867,18,11,5724,9863,424,318.03,1106,896.65,6257.95,11.64,85891.98,138381.52,176,1497,537.51,529.46,BENIGN
22,2532,4,2,158,124,61,39.75,83,62.17,111857.58,2368.79,422.16,633.23,22,90,47.22,45.55,SSH-Patator
443,1852823,12,12,6944,12373,889,578.74,1616,1031.12,10426.37,12.95,77200.98,154401.95,447,1683,804.93,864.61,BENIGN
80,2669947,13,21,7865,19714,777,605.04,1301,938.77,10329.7,12.73,78527.88,205380.61,221,1296,811.17,879.02,BENIGN
53,1238966,20,18,8721,14664,652,436.08,903,814.67,18875.09,30.67,32604.37,61948.3,160,1162,615.41,586.92,BENIGN
443,2156854,17,19,8475,22711,575,498.55,1514,1195.33,14459.26,16.69,59912.64,126873.82,251,1716,866.29,879.53,BENIGN
443,1625761,19,16,6493,16419,471,341.75,1258,1026.19,14093.32,21.53,46450.32,85566.37,173,1731,654.64,674.38,BENIGN
443,1920835,11,15,2060,14965,283,187.3,1252,997.68,8863.6,13.54,73878.28,174621.4,63,1658,654.83,651.5,BENIGN
21,1055,2,1,40,108,25,20.22,141,108.62,141156.3,2840.95,351.99,527.99,10,141,49.69,49.49,FTP-Patator
8080,3506923,11,12,3699,12589,374,336.34,1550,1049.13,4644.89,6.56,152474.94,318811.24,251,1330,708.23,717.72,BENIGN
80,2997765,5,20,3052,21113,880,610.49,1367,1055.7,8061.45,8.34,119910.63,599553.17,327,1700,966.65,1007.79,BENIGN
443,2135557,18,16,9365,19102,770,520.32,1674,1193.93,13330.81,15.92,62810.51,118642.08,166,1618,837.32,802.31,BENIGN
53,3581857,13,27,5121,32505,455,393.97,1623,1203.92,10505.03,11.17,89546.44,275527.51,242,1492,940.69,975.29,BENIGN
80,3736257,15,8,5165,7678,425,344.36,1186,959.84,3437.68,6.16,162445.97,249083.81,140,1537,558.44,531.65,BENIGN
22,2189,2,2,99,131,76,49.62,103,65.62,105284.75,1827.31,547.25,1094.51,27,101,57.62,61.95,SSH-Patator
8080,3139259,11,16,4829,14697,694,439.01,1355,918.57,6219.99,8.6,116268.89,285387.26,347,1372,723.19,693.8,BENIGN
443,1852998,20,13,14226,17372,985,711.33,1868,1336.34,17052.89,17.81,56151.48,92649.93,273,2172,957.54,940.04,BENIGN
443,4329650,14,22,6056,19489,648,432.59,1144,885.87,5900.09,8.31,120268.07,309260.76,257,1195,709.59,765.12,BENIGN
80,1085985,16,10,11604,10584,872,725.28,1242,1058.4,20431.71,23.94,41768.68,67874.1,468,1525,853.41,928.67,BENIGN
443,4245241,13,19,5238,15265,620,402.98,1210,803.45,4829.97,7.54,132663.79,326557.02,213,1162,640.76,684.44,BENIGN
80,2182843,11,13,6255,13580,745,568.7,1327,1044.65,9087.29,10.99,90951.81,198440.31,403,1697,826.51,858.41,BENIGN
443,2177302,16,11,6978,7489,614,436.14,1013,680.84,6644.65,12.4,80640.84,136081.41,288,1057,535.83,575.55,BENIGN
443,3029347,21,17,11921,14184,628,567.7,1158,834.38,8617.74,12.54,79719.66,144254.62,240,1257,687.0,746.62,BENIGN
21,2110,3,1,119,76,47,39.8,120,76.1,92636.01,1895.41,527.59,703.45,19,118,48.87,51.39,FTP-Patator
53,2602027,12,21,7005,13726,816,583.83,985,653.65,7967.89,12.68,78849.33,216835.66,420,1036,628.26,688.33,BENIGN
443,3576881,14,18,7875,12125,678,562.57,937,673.64,5591.88,8.95,111777.54,255491.51,256,1045,625.05,598.7,BENIGN
80,3236986,14,18,5921,21011,510,422.99,1389,1167.3,8320.44,9.89,101155.81,231213.29,273,1976,841.66,888.86,BENIGN
443,2459510,12,15,6996,14858,644,583.03,1331,990.55,8885.71,10.98,91092.99,204959.23,389,1263,809.43,817.34,BENIGN
443,3364071,12,13,7665,10668,850,638.76,1183,820.64,5449.77,7.43,134562.88,280339.33,240,1305,733.34,803.01,BENIGN
53,2460753,9,8,3765,9099,600,418.42,1562,1137.46,5228.25,6.91,144750.22,273417.07,179,1772,756.79,800.86,BENIGN
80,1712371,18,9,12919,12019,943,717.73,1526,1335.54,14563.96,15.77,63421.16,95131.73,488,1952,923.66,963.98,BENIGN
443,1738374,8,13,4349,12447,845,543.63,1388,957.52,9662.35,12.08,82779.75,217296.85,424,1159,799.85,836.18,BENIGN
53,3935282,9,21,3434,20962,523,381.65,1389,998.23,6199.71,7.62,131176.09,437253.63,285,1590,813.25,775.98,BENIGN
22,2862,2,2,107,137,63,53.74,85,68.68,85535.84,1397.4,715.61,1431.23,37,108,61.21,61.96,SSH-Patator
21,1303,2,1,124,118,82,62.14,144,118.28,186036.47,2300.82,434.63,651.94,25,168,80.86,81.89,SSH-Patator
53,2831785,13,22,8606,26173,902,662.0,1480,1189.71,12281.84,12.36,80908.16,217829.65,507,1644,993.7,1008.71,BENIGN
8080,1926338,12,13,6684,12831,774,557.07,1375,987.07,10131.5,12.98,77053.54,160528.21,365,1391,780.67,851.34,BENIGN
53,3267103,7,15,5840,10827,1149,834.35,1135,721.85,5101.83,6.73,148504.72,466729.12,393,1202,757.65,752.79,BENIGN
443,506903,11,11,5575,9337,588,506.86,1237,848.87,29419.79,43.4,23041.07,46082.15,211,1052,677.86,687.87,BENIGN
443,2964071,14,17,7373,18786,740,526.67,1369,1105.09,8825.64,10.46,95615.21,211719.4,193,1394,843.87,813.71,BENIGN
443,3646332,19,29,12734,22942,840,670.22,1135,791.11,9784.15,13.16,75965.26,191912.23,448,1100,743.26,772.08,BENIGN
8080,2214533,8,15,4969,15501,801,621.18,1562,1033.41,9243.74,10.39,96284.07,276816.69,429,1741,890.02,943.56,BENIGN
443,2704494,16,15,7331,16164,599,458.22,1306,1077.65,8687.86,11.46,87241.75,169030.89,322,1382,757.94,776.29,BENIGN
443,1703340,17,26,10254,18403,749,603.23,794,707.84,16825.08,25.24,39612.58,100196.53,197,964,666.48,686.84,BENIGN
443,2764583,11,19,5650,18066,627,513.7,1054,950.86,8578.86,10.85,92152.78,251325.77,269,1370,790.57,778.51,BENIGN
53,1028310,12,22,4521,18142,507,376.75,1206,824.67,22039.77,33.06,30244.42,85692.53,240,1184,666.58,661.24,BENIGN
443,2233245,19,18,11420,19124,690,601.06,1476,1062.47,13677.21,16.57,60357.97,117539.21,380,1630,825.53,853.39,BENIGN
53,1863866,12,8,4366,7680,408,363.91,1377,960.05,6463.59,10.73,93193.35,155322.25,266,1347,602.36,639.15,BENIGN
443,1720336,13,20,5260,20967,453,404.68,1392,1048.39,15246.25,19.18,52131.42,132333.61,226,1450,794.81,865.09,BENIGN
443,1436931,13,16,7624,15128,679,586.52,1161,945.54,15834.72,20.18,49549.36,110533.18,298,1290,784.6,855.32,BENIGN
80,3296819,7,12,4039,12658,731,577.13,1524,1054.91,5065.14,5.76,173516.81,470974.2,428,1720,878.89,915.9,BENIGN
53,2065951,8,10,4325,10814,595,540.67,1379,1081.42,7328.14,8.71,114775.08,258243.94,199,1822,841.09,914.92,BENIGN
8080,1823993,10,22,6254,30403,857,625.45,1581,1382.0,20097.88,17.54,56999.79,182399.31,381,1730,1145.57,1098.42,BENIGN
22,2697,3,2,188,135,69,62.81,93,67.75,120079.29,1853.53,539.51,899.18,23,94,64.78,68.0,FTP-Patator
22,1956,2,1,125,81,69,62.75,99,81.24,105662.65,1533.36,652.16,978.24,22,116,68.91,70.36,FTP-Patator
80,1671667,15,20,10603,22131,836,706.91,1330,1106.6,19582.65,20.94,47761.93,111444.51,362,1489,935.31,1024.59,BENIGN
443,1385245,17,14,8271,7541,734,486.55,753,538.67,11415.04,22.38,44685.34,81485.03,350,850,510.09,555.16,BENIGN
443,2179846,12,18,6657,17055,684,554.76,1378,947.54,10878.22,13.76,72661.55,181653.88,354,1603,790.43,837.02,BENIGN
443,2675146,11,15,5713,18328,723,519.38,1738,1221.87,8986.92,9.72,102890.23,243195.09,320,1495,924.67,906.14,BENIGN
80,3167963,14,22,6335,18960,515,452.57,1268,861.85,7985.14,11.36,87998.98,226283.09,191,1312,702.68,727.96,BENIGN
443,1460631,11,17,6985,16895,749,635.09,1197,993.84,16349.94,19.17,52165.4,132784.65,364,1298,852.9,933.95,BENIGN
21,3058,2,2,100,96,66,50.05,74,48.47,64423.65,1307.78,764.65,1529.31,35,73,49.26,52.02,FTP-Patator
53,2281657,18,16,7634,6513,634,424.13,582,407.12,6200.91,14.9,67107.57,126758.74,246,512,416.13,415.98,BENIGN
80,2258693,15,18,7331,18054,772,488.75,1570,1003.05,11239.32,14.61,68445.27,150579.59,230,1670,769.28,747.17,BENIGN
443,2619840,13,15,7798,13923,852,599.91,1373,928.22,8291.4,10.69,93565.72,201526.16,345,1115,775.79,765.5,BENIGN
80,2273208,18,12,14455,9834,952,803.1,1307,819.56,10685.59,13.2,75773.62,126289.37,321,1313,809.69,783.93,BENIGN
443,3374176,7,20,4496,15631,731,642.35,1023,781.59,5965.4,8.0,124969.5,482025.23,224,1023,745.49,794.37,BENIGN
443,2428844,19,20,9828,16033,638,517.27,955,801.68,10647.76,16.06,62278.05,127833.9,178,1233,663.12,712.28,BENIGN
8080,2100898,19,19,9502,14868,789,500.15,1200,782.55,11600.45,18.09,55286.8,110573.6,208,1186,641.35,617.93,BENIGN
80,3710372,15,14,8163,8367,825,544.22,784,597.64,4455.16,7.82,127943.88,247358.17,276,822,570.01,597.32,BENIGN
80,2286369,10,20,6817,13532,1071,681.78,901,676.62,8900.7,13.12,76212.31,228636.92,423,887,678.34,717.88,BENIGN
8080,3244022,4,18,2192,17337,716,548.02,1221,963.2,6020.2,6.78,147455.55,811005.53,399,1350,887.71,959.12,BENIGN
443,2559548,12,19,8567,22899,1102,713.96,1457,1205.26,12294.09,12.11,82566.07,213295.68,466,1837,1015.08,1113.19,BENIGN
443,1538868,14,14,7001,15416,707,500.09,1386,1101.21,14568.01,18.2,54959.57,109919.14,365,1481,800.65,814.23,BENIGN
443,1830893,14,12,7956,8539,839,568.35,854,711.63,9010.04,14.2,70419.0,130778.13,231,932,634.48,690.39,BENIGN
80,2618966,15,9,6944,7565,542,462.96,958,840.6,5540.29,9.16,109123.62,174597.8,238,1130,604.58,660.88,BENIGN
8080,2345875,6,9,3780,6330,760,630.06,932,703.44,4310.27,6.39,156391.69,390979.21,302,1127,674.09,670.76,BENIGN
53,1090638,16,17,8068,14236,774,504.28,1328,837.42,20450.9,30.26,33049.65,68164.91,167,1399,675.9,724.39,BENIGN
443,2064702,15,13,6668,12249,673,444.56,1425,942.28,9162.58,13.56,73739.39,137646.85,172,1388,675.64,687.02,BENIGN
443,2857815,13,13,7119,14926,754,547.65,1282,1148.2,7714.29,9.1,109915.96,219831.93,307,1877,847.92,906.65,BENIGN
443,2587742,11,13,7733,15317,938,703.08,1597,1178.29,8908.04,9.27,107822.61,235249.33,320,1936,960.49,1021.1,BENIGN
53,2293102,17,17,8655,16731,567,509.17,1319,984.23,11071.36,14.83,67444.19,134888.39,157,1613,746.7,749.72,BENIGN
53,2345333,22,7,12347,5706,793,561.26,976,815.21,7697.91,12.36,80873.57,106606.07,258,1300,622.56,678.41,BENIGN
443,2320457,23,19,12477,24006,657,542.49,1616,1263.48,15722.42,18.1,55248.99,100889.46,243,1595,868.65,838.16,BENIGN
443,3733647,17,17,9787,16331,732,575.72,1462,960.66,6995.43,9.11,109813.16,219626.32,320,1378,768.19,754.21,BENIGN
8080,3319268,11,13,6294,12239,853,572.26,1056,941.5,5583.87,7.23,138302.84,301751.66,254,1358,772.26,786.4,BENIGN
21,1115,2,2,138,184,102,69.09,143,92.4,289635.59,3586.99,278.79,557.57,27,139,80.75,88.22,SSH-Patator
443,445121,12,18,6572,11517,771,547.74,727,639.87,40641.88,67.4,14837.38,37093.45,222,1060,603.02,640.62,BENIGN
80,1597488,8,17,6482,18286,1196,810.26,1315,1075.7,15504.98,15.65,63899.54,199686.08,583,1376,990.76,1012.97,BENIGN
443,1587067,18,23,8085,29312,677,449.17,1966,1274.45,23563.83,25.83,38708.96,88170.4,204,2070,912.13,936.63,BENIGN
443,3301218,11,19,8248,22528,1096,749.83,1406,1185.7,9322.76,9.09,110040.62,300110.77,442,1566,1025.88,1010.28,BENIGN
53,2230607,15,23,7286,26202,636,485.76,1412,1139.23,15013.26,17.04,58700.2,148707.18,379,1757,881.28,960.08,BENIGN
21,1723,1,1,63,83,70,63.48,96,83.79,85436.04,1160.23,861.9,1723.8,32,125,73.64,74.93,FTP-Patator
80,3903310,13,23,6867,22324,591,528.31,1363,970.62,7478.85,9.22,108425.3,300254.68,222,1213,810.9,864.82,BENIGN
443,1700390,21,10,8814,9911,611,419.73,1420,991.11,11012.39,18.23,54851.3,80970.97,145,1441,604.04,599.15,BENIGN
22,2341,2,2,122,87,97,61.4,49,43.98,90028.29,1708.62,585.27,1170.53,15,78,52.69,51.74,FTP-Patator
443,3063199,19,14,10337,12367,809,544.07,1312,883.37,7412.02,10.77,92824.24,161221.04,417,1133,688.01,675.42,BENIGN
443,3155671,6,13,3030,11382,747,505.02,1348,875.6,4567.32,6.02,166087.97,525945.24,222,1060,758.58,779.32,BENIGN
443,3606654,18,10,12086,5793,1050,671.47,756,579.37,4957.51,7.76,128809.09,200369.7,345,828,638.57,641.55,BENIGN
53,3768271,13,13,6418,7409,560,493.75,734,569.97,3669.68,6.9,144933.53,289867.05,208,747,531.86,517.26,BENIGN
443,2276576,9,14,4351,14013,742,483.49,1320,1000.95,8066.83,10.1,98981.57,252952.9,241,1490,798.47,821.17,BENIGN
53,1833759,7,12,4445,12300,738,635.0,1393,1025.06,9131.94,10.36,96513.64,261965.6,255,1706,881.36,864.52,BENIGN
443,3340163,14,20,7462,17397,639,533.02,1134,869.86,7442.6,10.18,98240.12,238583.14,255,1204,731.16,795.71,BENIGN
80,3821299,13,16,11612,14459,1414,893.28,1287,903.7,6822.78,7.59,131768.93,293946.08,371,1298,899.03,894.74,BENIGN
80,2784165,16,18,10467,13705,885,654.24,1205,761.42,8682.41,12.21,81887.22,174010.35,382,1292,710.98,743.47,BENIGN
80,2828209,6,14,5093,13106,1262,848.87,1374,936.16,6434.97,7.07,141410.49,471368.31,400,1353,909.97,992.86,BENIGN
21,1183,3,2,139,161,61,46.6,91,80.88,254809.85,4224.78,236.7,394.5,27,120,60.31,61.06,SSH-Patator
443,3128095,13,12,8105,12831,993,623.51,1394,1069.32,6693.36,7.99,125123.81,240622.71,214,1541,837.5,915.1,BENIGN
22,2517,2,1,130,64,77,65.46,89,64.21,77526.18,1191.88,839.01,1258.51,29,83,65.05,68.87,FTP-Patator
443,3671284,11,18,6049,16894,837,549.99,1361,938.61,6249.8,7.9,126596.01,333753.11,434,1440,791.2,826.15,BENIGN
8080,1543657,6,15,4724,10710,1038,787.4,909,714.06,9999.14,13.6,73507.48,257276.17,441,1105,735.01,748.43,BENIGN
8080,3363295,7,12,4783,12157,1092,683.4,1527,1013.14,5037.17,5.65,177015.57,480470.82,251,1437,891.66,887.8,BENIGN
8080,1929203,11,14,5076,14039,637,461.5,1167,1002.79,9908.53,12.96,77168.15,175382.15,365,1524,764.62,740.79,BENIGN
443,3321800,19,23,10146,19488,767,534.04,1022,847.31,8921.33,12.64,79090.49,174831.61,279,1273,705.59,675.7,BENIGN
80,2568741,13,22,6951,14799,813,534.75,1021,672.7,8467.63,13.63,73392.6,197595.47,196,1133,621.46,633.18,BENIGN
443,2041587,16,14,9687,15152,753,605.46,1615,1082.34,12167.07,14.69,68052.91,127599.21,261,1394,828.0,901.27,BENIGN
53,820855,15,11,9895,5309,922,659.68,755,482.66,18522.65,31.67,31571.36,54723.68,231,855,584.79,573.76,BENIGN
443,3949052,10,20,6522,11553,1014,652.21,692,577.67,4577.2,7.6,131635.07,394905.2,176,1066,602.52,660.6,BENIGN
8080,2437353,8,13,4377,11727,705,547.15,1255,902.13,6607.52,8.62,116064.47,304669.24,236,1471,766.9,791.4,BENIGN
443,1571634,14,22,5809,27830,548,414.95,1444,1265.04,21404.57,22.91,43656.52,112259.64,143,1581,934.45,903.46,BENIGN
53,2433575,14,15,4474,9110,383,319.59,945,607.36,5582.2,11.92,83916.4,173826.83,172,942,468.44,491.14,BENIGN
53,3559148,17,16,11769,10381,910,692.35,791,648.83,6223.76,9.27,107852.98,209361.66,293,1072,671.25,726.87,BENIGN
443,2071500,10,17,4686,12949,586,468.7,1132,761.72,8513.76,13.03,76722.25,207150.09,247,1094,653.2,706.71,BENIGN
8080,2445523,14,15,8799,8704,863,628.51,825,580.31,7157.5,11.86,84328.41,174680.29,196,810,603.58,615.65,BENIGN
80,2317442,18,18,10444,17730,877,580.26,1570,985.01,12157.72,15.53,64373.4,128746.79,255,1189,782.63,761.77,BENIGN
443,2462821,16,9,6770,2728,479,423.14,403,303.12,3856.64,10.15,98512.85,153926.33,151,646,379.93,373.36,BENIGN
443,2243678,13,12,6570,9932,617,505.44,1232,827.73,7355.57,11.14,89747.14,172590.65,190,1164,660.14,638.42,BENIGN
443,2528864,13,17,8972,20493,912,690.2,1373,1205.52,11652.08,11.86,84295.47,194528.01,322,1929,982.22,959.42,BENIGN
8080,2280095,11,23,5109,18578,612,464.49,898,807.77,10389.04,14.91,67061.63,207281.39,188,1285,696.71,673.49,BENIGN
443,3529116,17,11,8596,9290,723,505.7,1321,844.58,5068.52,7.93,126039.88,207595.1,307,1220,638.84,655.86,BENIGN
53,4290863,16,19,5847,15115,476,365.47,1269,795.57,4885.61,8.16,122596.1,268178.97,156,1253,598.96,576.13,BENIGN
53,4104596,10,11,6619,10338,873,661.96,1074,939.88,4131.53,5.12,195456.98,410459.66,241,1389,807.54,836.28,BENIGN
22,2544,1,1,53,43,80,53.85,66,43.35,38204.75,786.11,1272.08,2544.17,13,77,48.6,47.28,FTP-Patator
21,1905,3,2,142,150,59,47.43,106,75.08,153488.45,2624.06,381.09,635.15,32,121,58.49,60.86,SSH-Patator
8080,3273614,18,27,8661,26241,705,481.18,1524,971.89,10661.71,13.75,72747.0,181867.49,360,1637,775.61,825.5,BENIGN
80,2137892,15,21,8712,16111,806,580.81,926,767.22,11611.32,16.84,59385.92,142526.2,217,1222,689.55,712.85,BENIGN
443,3514856,6,18,3153,17701,599,525.51,1506,983.44,5933.39,6.83,146452.35,585809.41,392,1625,868.96,894.31,BENIGN
80,1902190,17,11,7825,8694,629,460.31,914,790.44,8684.81,14.72,67935.39,111893.58,338,1116,590.01,603.04,BENIGN
53,3810779,11,9,8456,9951,1095,768.8,1261,1105.7,4830.54,5.25,190538.98,346434.5,545,1495,920.41,919.46,BENIGN
21,1201,2,1,116,172,82,58.03,201,172.36,240111.55,2497.49,400.4,600.6,44,251,96.14,100.29,SSH-Patator
80,2432320,17,14,8066,14131,654,474.48,1281,1009.43,9126.33,12.75,78461.96,143077.69,142,1211,716.07,680.48,BENIGN
21,2006,2,1,139,58,100,69.6,67,58.56,98575.46,1495.39,668.72,1003.08,19,94,65.92,69.1,SSH-Patator
443,1968958,17,20,10109,19710,938,594.69,1452,985.54,15145.34,18.79,53215.08,115821.06,307,1428,805.96,771.9,BENIGN
22,2290,2,2,113,107,78,56.6,72,53.99,96559.12,1746.16,572.68,1145.37,41,80,55.3,54.82,FTP-Patator
443,2918753,13,23,7214,15717,620,554.96,829,683.36,7856.7,12.33,81076.49,224519.5,382,1004,636.99,695.61,BENIGN
53,1276466,13,6,7427,5306,759,571.35,1267,884.48,9976.27,14.88,67182.46,98189.75,278,1478,670.23,686.43,BENIGN
53,2503769,21,12,15803,13080,924,752.53,1318,1090.06,11536.16,13.18,75871.81,119227.13,328,1390,875.27,902.56,BENIGN
53,3138355,20,15,12634,14937,809,631.73,1309,995.8,8785.38,11.15,89667.31,156917.79,421,1397,787.76,815.86,BENIGN
443,2650014,19,18,10980,12631,835,577.91,781,701.73,8909.98,13.96,71622.02,139474.46,250,1112,638.15,616.13,BENIGN
443,2194341,7,6,5204,5816,1037,743.55,1535,969.4,5022.57,5.92,168795.47,313477.29,446,1290,847.79,823.01,BENIGN
21,1603,1,2,39,128,52,39.56,82,64.23,104798.82,1871.26,534.4,1603.19,25,84,56.0,57.4,SSH-Patator
21,2337,2,2,50,78,29,25.26,47,39.34,55282.09,1711.38,584.32,1168.64,18,55,32.3,35.38,FTP-Patator
443,3428934,10,6,6025,5369,683,602.6,997,894.97,3323.41,4.67,214308.39,342893.42,229,1228,712.24,726.95,BENIGN
22,919,2,1,89,151,51,44.88,200,151.88,262907.67,3263.96,306.38,459.56,29,226,80.55,76.84,SSH-Patator
21,657,3,1,193,51,98,64.43,69,51.38,372048.82,6082.28,164.41,219.22,39,78,61.17,63.52,FTP-Patator
443,2062004,16,10,6348,8262,453,396.76,1169,826.27,7085.76,12.61,79307.85,128875.25,145,1341,561.96,572.61,BENIGN
80,1116847,13,19,6086,7249,685,468.18,473,381.54,11940.44,28.65,34901.48,85911.34,199,668,416.74,401.46,BENIGN
53,2761687,15,13,7850,13860,632,523.4,1194,1066.18,7861.61,10.14,98631.71,184112.52,163,1615,775.4,802.46,BENIGN
443,2254148,12,19,6195,17515,581,516.29,1051,921.85,10518.64,13.75,72714.48,187845.73,364,1390,764.86,789.53,BENIGN
22,2040,2,2,128,89,96,64.18,57,44.59,106615.65,1960.5,510.07,1020.15,15,96,54.38,53.07,SSH-Patator
53,1775473,11,16,2685,10011,333,244.09,767,625.71,7151.02,15.21,65758.3,161406.73,183,774,470.24,476.38,BENIGN
80,2795054,11,30,7191,29062,875,653.79,1307,968.76,12970.97,14.67,68172.06,254095.86,505,1368,884.26,915.23,BENIGN
443,2791352,18,22,11707,19832,725,650.41,1149,901.46,11298.98,14.33,69783.81,155075.14,377,1332,788.49,774.48,BENIGN
80,4052876,14,18,5995,22222,643,428.25,1483,1234.58,6962.44,7.9,126652.39,289491.17,191,1792,881.81,903.38,BENIGN
443,2638151,13,21,5458,18013,478,419.89,1100,857.79,8897.16,12.89,77592.69,202934.72,321,1190,690.35,746.89,BENIGN
443,3427685,11,18,5063,19737,511,460.27,1411,1096.55,7235.46,8.46,118196.04,311607.74,289,1397,855.2,852.35,BENIGN
8080,2497860,16,17,7066,15239,646,441.67,1272,896.41,8929.95,13.21,75692.74,156116.27,247,1453,675.93,698.91,BENIGN
443,1338521,8,21,4813,22852,717,601.66,1496,1088.2,20668.66,21.67,46155.93,167315.25,229,1416,953.98,936.97,BENIGN
443,4035042,16,20,7828,14464,681,489.29,992,723.24,5524.95,8.92,112084.51,252190.15,215,884,619.26,625.56,BENIGN
22,793,4,1,164,73,52,41.09,82,73.97,300393.91,6301.58,158.69,198.36,24,123,47.67,46.74,SSH-Patator
8080,3023458,16,17,8160,16831,573,510.05,1241,990.06,8265.98,10.91,91619.96,188966.17,199,1248,757.33,779.32,BENIGN
443,1528619,18,9,3730,10826,323,207.25,1682,1202.97,9523.13,17.66,56615.54,84923.31,83,1749,539.16,533.91,BENIGN
443,3502556,11,8,6382,9351,881,580.22,1632,1168.97,4492.19,5.42,184345.08,318414.23,200,1535,828.11,806.22,BENIGN
8080,676270,16,21,8707,19920,639,544.22,1205,948.61,42332.81,54.71,18277.57,42266.88,269,1377,773.74,788.6,BENIGN
443,2889585,13,10,5743,7794,597,441.78,1242,779.46,4685.04,7.96,125634.14,222275.79,325,1104,588.6,630.96,BENIGN
21,2238,1,1,62,63,86,62.45,86,63.71,56351.83,893.33,1119.4,2238.81,33,104,63.08,61.17,FTP-Patator
53,3072408,5,18,3475,11606,975,695.12,846,644.82,4908.98,7.49,133582.98,614481.73,343,1084,655.76,625.4,BENIGN
80,2931104,13,20,6732,21890,795,517.87,1291,1094.52,9765.18,11.26,88821.35,225469.58,377,1781,867.36,903.27,BENIGN
8080,2295837,3,20,1268,17402,575,422.93,1252,870.11,8132.58,10.02,99819.04,765279.33,307,1406,811.79,790.35,BENIGN
443,2530115,18,19,3903,15738,328,216.84,1239,828.37,7763.33,14.62,68381.5,140561.97,149,1173,530.87,523.15,BENIGN
80,1764019,12,18,6083,14158,799,506.93,874,786.58,11474.78,17.01,58800.66,147001.66,387,1105,674.72,685.87,BENIGN
22,1644,3,2,172,112,84,57.34,77,56.41,173184.9,3040.01,328.95,548.24,23,90,56.97,57.39,FTP-Patator
80,1656460,16,22,7510,18907,620,469.38,1052,859.44,15948.28,22.94,43591.07,103528.8,180,1280,695.2,700.23,BENIGN
53,2516243,11,12,7820,6495,977,710.98,691,541.28,5689.5,9.14,109401.87,228749.37,201,1032,622.44,639.74,BENIGN
53,3963460,18,13,13009,7763,987,722.77,738,597.16,5241.11,7.82,127853.57,220192.25,364,1090,670.09,692.82,BENIGN
53,1819745,10,14,4678,11572,678,467.87,1249,826.64,8930.75,13.19,75822.72,181974.52,271,1138,677.15,717.64,BENIGN
53,1811276,8,15,4126,10463,723,515.82,1019,697.55,8054.99,12.7,78751.17,226409.6,383,927,634.34,621.86,BENIGN
21,3095,3,2,181,79,95,60.59,54,39.7,84381.76,1615.34,619.07,1031.78,22,85,52.24,54.84,SSH-Patator
53,2684223,15,21,12294,18298,996,819.6,1234,871.38,11397.34,13.41,74561.75,178948.2,364,1202,849.81,843.18,BENIGN
80,148921,21,17,11172,12867,600,532.02,860,756.89,161423.93,255.17,3918.99,7091.51,392,924,632.62,658.66,BENIGN
443,3638094,14,17,8270,15412,654,590.75,1307,906.63,6509.78,8.52,117357.9,259863.93,240,1508,763.97,731.77,BENIGN
443,3488675,15,20,7017,22131,517,467.8,1532,1106.57,8355.17,10.03,99676.45,232578.39,236,1360,832.81,867.11,BENIGN
21,1511,3,2,200,117,95,66.98,92,58.63,210491.17,3307.71,302.32,503.87,37,82,63.64,64.6,SSH-Patator
22,3246,2,2,88,130,55,44.08,80,65.2,67322.15,1232.04,811.66,1623.33,25,92,54.64,55.75,FTP-Patator
443,2068939,11,20,6175,15701,631,561.36,1074,785.05,10573.57,14.98,66740.0,188085.45,229,957,705.68,681.86,BENIGN
22,1740,2,2,167,118,108,83.97,78,59.27,164614.75,2298.5,435.07,870.13,45,112,71.62,76.23,SSH-Patator
53,1746523,22,19,10787,14882,716,490.33,1067,783.28,14697.46,23.48,42598.13,79387.43,203,1004,626.08,630.61,BENIGN
80,2840730,16,20,7646,18079,619,477.93,1358,903.99,9056.36,12.67,78909.17,177545.64,260,1273,714.63,735.37,BENIGN
8080,2380108,19,12,8567,13179,577,450.93,1382,1098.31,9137.14,13.02,76777.71,125268.89,236,1623,701.53,672.48,BENIGN
22,1831,2,1,127,59,80,63.82,74,59.17,101990.49,1637.85,610.56,915.84,32,92,62.27,62.77,FTP-Patator
443,2274231,9,18,4213,14778,581,468.14,1172,821.01,8350.67,11.87,84230.81,252692.43,271,1101,703.38,743.82,BENIGN
443,1381880,8,21,5313,14326,850,664.22,990,682.22,14212.74,20.99,47651.07,172735.12,410,935,677.25,744.83,BENIGN
8080,3696387,7,17,3830,9492,700,547.27,686,558.36,3604.35,6.49,154016.13,528055.31,343,691,555.13,571.36,BENIGN
443,1958696,11,16,7718,14622,992,701.64,1258,913.9,11405.75,13.78,72544.3,178063.28,451,1274,827.42,845.94,BENIGN
443,2557867,8,17,2958,9894,439,369.76,820,582.01,5024.58,9.77,102314.69,319733.41,236,904,514.09,516.2,BENIGN
22,1416,3,3,141,260,60,47.16,126,86.85,283824.75,4235.88,236.08,472.16,23,111,67.0,71.38,FTP-Patator
443,3332756,13,12,5999,9692,643,461.47,1015,807.69,4708.22,7.5,133310.27,256365.91,253,1177,627.65,667.24,BENIGN
53,2052678,18,10,8616,10874,570,478.69,1579,1087.41,9495.14,13.64,73309.96,114037.71,269,1524,696.09,673.38,BENIGN
53,3694448,17,18,12476,14210,1072,733.93,1225,789.45,7223.48,9.47,105555.68,217320.51,318,994,762.48,785.38,BENIGN
443,1661250,16,15,10195,9946,747,637.21,821,663.1,12124.56,18.66,53588.72,103828.15,335,962,649.74,674.56,BENIGN
443,2553300,14,23,9395,18507,858,671.09,1054,804.66,10927.96,14.49,69008.14,182378.64,414,1343,754.12,723.73,BENIGN
8080,2161485,17,17,6801,14760,564,400.12,1019,868.28,9975.87,15.73,63573.1,127146.2,284,1378,634.2,664.22,BENIGN
8080,4275133,13,17,7204,20098,675,554.16,1802,1182.25,6386.3,7.02,142504.45,328856.41,411,1813,910.08,914.72,BENIGN
443,3768660,18,9,10715,7299,747,595.31,1135,811.08,4780.28,7.16,139580.03,209370.05,361,1227,667.23,689.22,BENIGN
53,1975169,20,6,13270,7368,799,663.53,1684,1228.06,10449.18,13.16,75968.08,98758.5,373,1570,793.8,853.18,BENIGN
80,2248129,16,13,12929,9283,1073,808.09,801,714.13,9880.67,12.9,77521.71,140508.1,421,1291,765.97,738.33,BENIGN
443,1714438,18,20,10428,14560,732,579.38,1126,728.02,14575.71,22.16,45116.8,95246.57,283,1125,657.61,701.34,BENIGN
8080,2535204,12,13,6022,12702,778,501.88,1550,977.09,7385.91,9.86,101408.16,211267.01,395,1621,748.99,772.47,BENIGN
443,2493196,9,15,7730,15382,1118,858.97,1337,1025.5,9270.55,9.63,103883.18,277021.82,343,1408,963.05,929.98,BENIGN
443,3109371,14,9,9872,5935,870,705.19,851,659.51,5084.07,7.4,135190.08,222097.99,518,1178,687.32,719.02,BENIGN
443,2485277,12,11,6290,12675,755,524.2,1599,1152.34,7631.39,9.25,108055.54,207106.46,236,1569,824.61,848.13,BENIGN
443,3794525,12,15,4452,11785,521,371.05,878,785.69,4279.31,7.12,140537.98,316210.46,182,975,601.4,628.08,BENIGN
8080,2156740,10,20,5341,19995,801,534.16,1348,999.77,11747.84,13.91,71891.35,215674.04,352,1372,844.57,920.31,BENIGN
443,2419126,17,15,11718,10730,806,689.3,843,715.34,9279.42,13.23,75597.7,142301.55,550,1169,701.5,686.82,BENIGN
53,2883355,12,18,4333,11447,420,361.11,947,635.95,5472.95,10.4,96111.83,240279.59,112,824,526.02,517.65,BENIGN
80,3096908,14,24,6879,21268,546,491.38,1389,886.2,9089.16,12.27,81497.59,221207.76,220,1405,740.74,763.65,BENIGN
21,3416,1,2,81,176,99,81.76,102,88.16,75542.23,878.15,1138.76,3416.28,52,111,86.02,94.25,FTP-Patator
8080,1968085,13,12,8990,10186,1097,691.59,1128,848.92,9744.31,12.7,78723.42,151391.19,416,1377,767.11,782.26,BENIGN
443,1736219,22,20,14583,13318,1035,662.88,846,665.93,16070.55,24.19,41338.56,78919.06,241,942,664.33,722.52,BENIGN
80,3227337,21,15,10959,10562,749,521.89,854,704.16,6668.7,11.15,89648.26,153682.72,341,1079,597.84,608.44,BENIGN
80,2890182,9,19,6058,19889,1064,673.13,1524,1046.8,8977.79,9.69,103220.79,321131.34,241,1686,926.69,912.18,BENIGN
53,2718135,17,19,10742,16752,747,631.9,1255,881.7,10115.27,13.24,75503.76,159890.32,386,1385,763.74,754.58,BENIGN
443,1691794,18,17,10916,15931,818,606.49,1243,937.17,15870.03,20.69,48336.99,93988.59,273,1331,767.11,736.61,BENIGN
443,1486164,10,19,6790,10067,1079,679.05,805,529.89,11343.54,19.51,51247.06,148616.48,354,942,581.32,571.72,BENIGN
21,2452,2,2,138,100,81,69.48,70,50.22,97600.82,1630.73,613.22,1226.44,33,103,59.85,56.87,SSH-Patator
53,3681687,21,15,14979,7724,857,713.3,612,514.94,6166.58,9.78,102269.11,175318.47,336,876,630.65,690.44,BENIGN
21,3075,2,1,69,96,44,34.73,129,96.4,53930.61,975.49,1025.12,1537.68,13,135,55.29,56.85,SSH-Patator
443,2833044,13,25,6889,24223,658,529.94,1476,968.92,10981.93,13.41,74553.81,217926.52,301,1331,818.74,895.72,BENIGN
21,3040,1,3,39,186,61,39.31,92,62.15,74249.42,1315.52,760.15,3040.62,22,93,56.44,59.87,FTP-Patator
443,3784211,7,13,4206,14060,850,600.94,1226,1081.6,4827.27,5.29,189210.55,540601.57,349,1792,913.37,879.69,BENIGN
53,4337538,12,14,7253,15514,857,604.46,1724,1108.15,5248.99,5.99,166828.4,361461.54,356,1756,875.68,883.89,BENIGN
443,50000,18,23,5623,26275,493,312.43,1578,1142.4,637980.8,820.0,1219.51,2777.78,206,1799,778.03,789.45,BENIGN
443,2210147,12,16,3207,12251,311,267.33,989,765.69,6994.57,12.67,78933.85,184178.99,110,1085,552.11,555.62,BENIGN
21,1651,3,1,88,102,33,29.56,121,102.73,115922.59,2422.3,412.83,550.44,12,128,47.86,47.33,SSH-Patator
21,1838,1,3,66,139,90,66.89,69,46.55,112321.87,2175.35,459.7,1838.78,21,111,51.63,51.73,FTP-Patator
8080,1969411,11,17,5242,13317,603,476.61,1090,783.4,9424.35,14.22,70336.12,179037.39,299,1044,662.87,695.52,BENIGN
443,3186177,10,15,4127,14761,462,412.79,1224,984.12,5928.63,7.85,127447.1,318617.74,197,1650,755.59,778.08,BENIGN
443,3438323,15,9,7444,6462,667,496.27,1134,718.01,4044.46,6.98,143263.49,229221.58,201,1095,579.42,604.91,BENIGN
53,3262948,15,11,8632,8264,659,575.47,1071,751.31,5178.29,7.97,125498.01,217529.88,177,1247,649.86,712.47,BENIGN
53,2496677,8,14,3256,15280,540,407.03,1704,1091.47,7424.58,8.81,113485.33,312084.65,278,1687,842.58,821.01,BENIGN
8080,3486237,14,6,7686,5517,780,549.05,1434,919.63,3787.59,5.74,174311.88,249016.97,336,1537,660.22,636.87,BENIGN
8080,2258635,14,6,6642,5430,669,474.5,1100,905.13,5345.59,8.85,112931.78,161331.12,166,1119,603.69,630.09,BENIGN
21,1163,2,1,97,82,66,48.62,127,82.96,154922.08,2579.17,387.72,581.58,28,133,60.07,57.13,SSH-Patator
443,770782,11,22,6583,16779,706,598.53,927,762.69,30310.76,42.81,23357.04,70071.11,310,1076,707.97,736.44,BENIGN
80,1682673,8,11,4753,10963,747,594.2,1302,996.72,9340.81,11.29,88561.78,210334.24,277,1280,827.24,795.07,BENIGN
443,2506423,14,16,5885,19779,637,420.39,1432,1236.22,10239.67,11.97,83547.44,179030.22,164,1723,855.5,921.7,BENIGN
21,2808,4,1,167,91,54,41.99,110,91.51,92369.01,1780.02,561.79,702.24,20,142,51.89,49.43,FTP-Patator
53,2198505,15,20,12710,22432,1150,847.37,1398,1121.62,15984.94,15.92,62814.44,146567.02,480,1400,1004.08,1072.52,BENIGN
443,3123114,11,21,5372,25504,710,488.39,1572,1214.51,9886.56,10.25,97597.34,283919.54,376,1744,964.9,932.4,BENIGN
80,2152898,12,19,7746,15362,893,645.55,1094,808.55,10733.96,14.4,69448.35,179408.23,318,1162,745.46,712.63,BENIGN
80,3147699,18,22,12414,21882,855,689.67,1254,994.66,10895.76,12.71,78692.48,174872.19,416,1288,857.41,872.1,BENIGN
80,3212130,5,19,2930,10618,925,586.11,714,558.89,4218.19,7.47,133838.76,642426.07,400,911,564.56,595.86,BENIGN
8080,2882417,14,21,8017,21474,786,572.65,1562,1022.61,10231.65,12.14,82354.79,205886.97,278,1284,842.63,881.59,BENIGN
443,2835480,10,15,6514,13993,891,651.46,1416,932.93,7232.85,8.82,113419.22,283548.06,236,1462,820.34,845.18,BENIGN
443,50000,9,15,5689,11115,935,632.13,1001,741.04,336094.86,480.0,2083.33,5555.56,265,1181,700.2,669.58,BENIGN
53,1868413,13,16,6254,15137,764,481.08,1199,946.09,11449.02,15.52,64428.04,143724.08,249,1201,737.64,749.28,BENIGN
443,325141,8,14,4229,13037,728,528.65,1053,931.23,53104.7,67.66,14779.14,40642.64,281,1530,784.84,753.1,BENIGN
8080,2009274,15,7,8931,8638,673,595.42,1817,1234.14,8744.6,10.95,91330.67,133951.65,413,1610,798.65,811.75,BENIGN
80,3586318,17,21,9445,19787,672,555.6,1142,942.25,8151.14,10.6,94376.8,210959.91,288,1187,769.28,759.86,BENIGN
21,1486,2,2,95,84,61,47.85,49,42.3,121302.05,2691.03,371.61,743.21,13,68,45.08,43.78,FTP-Patator
443,1966958,13,20,4136,22826,502,318.18,1458,1141.3,13707.63,16.78,59604.79,151304.46,221,1780,817.04,845.66,BENIGN
8080,2465629,14,21,11852,14400,932,846.59,941,685.75,10647.61,14.2,70446.56,176116.41,496,1339,750.09,721.48,BENIGN
8080,1736767,16,13,9614,10190,947,600.92,1129,783.87,11403.37,16.7,59888.54,108547.98,233,1227,682.93,664.72,BENIGN
8080,3434061,14,20,7343,22585,779,524.57,1547,1129.26,8715.4,9.9,101001.82,245290.13,209,1911,880.27,947.33,BENIGN
443,3386934,12,3,7398,2971,686,616.56,1358,990.39,3061.75,4.43,225795.6,282244.5,333,1373,691.33,688.83,BENIGN
53,381579,14,16,6355,13860,507,453.96,1008,866.31,52980.66,78.62,12719.32,27255.68,317,1377,673.88,668.26,BENIGN
8080,1709558,19,8,7410,6737,525,390.0,1241,842.18,8275.53,15.79,63316.97,89976.74,121,1308,523.98,538.33,BENIGN
443,2038573,20,20,10244,17370,815,512.24,1374,868.53,13546.42,19.62,50964.34,101928.68,321,1309,690.38,672.17,BENIGN
443,2792138,15,16,10797,8917,874,719.83,809,557.31,7060.68,11.1,90068.98,186142.56,249,1199,635.95,604.82,BENIGN
21,1842,2,3,90,223,63,45.0,114,74.51,170202.45,2714.23,368.43,921.07,20,118,62.71,65.6,FTP-Patator
443,2903535,12,12,7648,13221,978,637.36,1749,1101.81,7187.82,8.27,120980.66,241961.33,347,1606,869.59,840.68,BENIGN
443,2563038,11,12,6150,9190,745,559.09,1198,765.84,5985.15,8.97,111436.47,233003.52,219,1100,666.96,650.58,BENIGN
53,4018082,15,17,6771,19485,635,451.46,1652,1146.21,6534.81,7.96,125565.09,267872.18,183,1688,820.54,880.91,BENIGN
8080,2020928,17,8,10424,8183,879,613.2,1243,1022.97,9207.71,12.37,80837.15,118878.17,240,1234,744.32,772.48,BENIGN
22,2950,1,1,53,55,69,53.44,64,55.45,36909.99,677.9,1475.15,2950.31,30,66,54.45,53.15,SSH-Patator
53,2799225,9,15,4337,14482,594,481.99,1276,965.49,6723.38,8.57,116634.39,311025.04,283,1640,784.18,839.45,BENIGN
53,2934706,16,7,10444,8827,720,652.79,1926,1261.05,6566.93,7.84,127595.94,183419.17,239,2015,837.91,846.82,BENIGN
443,3122935,11,16,5787,12981,659,526.14,1236,811.34,6010.07,8.65,115664.26,283903.19,167,1256,695.15,719.63,BENIGN
80,2429532,11,16,9115,12134,1183,828.71,956,758.4,8746.62,11.11,89982.67,220866.55,603,1380,787.04,816.1,BENIGN
443,1045697,19,18,10643,13512,717,560.19,1192,750.69,23100.4,35.38,28262.1,55036.72,210,973,652.87,642.6,BENIGN
22,1328,3,1,144,50,53,48.25,63,50.08,146644.03,3010.6,332.16,442.88,15,63,48.71,49.22,FTP-Patator
22,1571,3,2,187,147,97,62.55,90,73.66,213220.42,3182.54,314.21,523.69,45,95,67.0,69.21,FTP-Patator
443,3040995,20,18,13083,21722,988,654.19,1542,1206.78,11445.54,12.5,80026.19,152049.76,228,1575,915.94,898.69,BENIGN
443,2293732,18,20,13953,18678,1031,775.21,1377,933.9,14226.46,16.57,60361.37,127429.57,381,1554,858.73,880.18,BENIGN
443,3133564,13,4,5053,3737,544,388.73,1461,934.26,2805.29,5.43,184327.33,241043.44,305,1431,517.09,529.09,BENIGN
443,3089211,16,10,8724,13207,791,545.28,1942,1320.73,7099.47,8.42,118815.83,193075.72,333,2228,843.53,924.0,BENIGN
53,1692152,13,5,4957,3604,565,381.33,953,720.95,5059.86,10.64,94008.49,130165.6,270,1133,475.67,513.36,BENIGN
53,2909186,16,25,9240,17081,723,577.51,937,683.27,9047.85,14.09,70955.77,181824.17,269,913,642.0,620.05,BENIGN
53,385757,15,15,9382,13271,761,625.5,1105,884.74,58724.99,77.77,12858.59,25717.18,317,1088,755.12,727.87,BENIGN
443,3036597,5,11,3561,13477,932,712.31,1832,1225.22,5611.19,5.27,189787.34,607319.5,521,1821,1064.93,1111.52,BENIGN
53,2856702,18,14,6350,9191,535,352.79,788,656.53,5440.43,11.2,89271.96,158705.71,173,977,485.68,511.84,BENIGN
8080,1652832,11,17,5722,15051,728,520.27,1186,885.37,12568.89,16.94,59029.73,150257.49,215,1371,741.94,760.18,BENIGN
443,2943672,15,23,6740,22306,517,449.36,1188,969.84,9867.56,12.91,77465.08,196244.86,193,1253,764.39,730.56,BENIGN
8080,1607924,9,8,2418,6489,391,268.72,902,811.18,5540.0,10.57,94583.8,178658.28,162,1133,523.99,571.48,BENIGN
443,2293853,8,24,3197,31691,497,399.69,1858,1320.49,15209.85,13.95,71682.93,286731.72,270,1778,1090.29,1085.87,BENIGN
80,3404072,21,9,12229,10340,784,582.34,1514,1148.89,6630.02,8.81,113469.09,162098.71,407,1672,752.3,769.05,BENIGN
80,2751112,10,10,5762,10407,762,576.24,1500,1040.78,5877.72,7.27,137555.62,275111.24,306,1509,808.51,777.74,BENIGN
443,1767987,6,18,3603,14473,910,600.51,1220,804.08,10224.35,13.57,73666.16,294664.65,438,971,753.19,718.62,BENIGN
8080,3282384,8,10,4951,9313,966,618.93,1061,931.35,4345.89,5.48,182354.68,410298.02,300,1514,792.49,789.75,BENIGN
443,3410773,12,20,2044,13751,244,170.41,779,687.57,4631.27,9.38,106586.69,284231.16,57,873,493.63,518.39,BENIGN
21,3073,1,1,62,44,98,62.97,52,44.49,34967.35,650.81,1536.55,3073.09,29,89,53.73,52.78,FTP-Patator
53,2289363,8,13,4336,15421,641,542.07,1390,1186.27,8630.34,9.17,109017.33,286170.5,319,1786,940.86,954.45,BENIGN
8080,1805686,4,18,3585,11340,1002,896.27,811,630.05,8266.11,12.18,82076.68,451421.73,375,1424,678.45,705.0,BENIGN
80,2083491,21,9,9875,5284,582,470.26,724,587.15,7276.15,14.4,69449.72,99213.88,204,855,505.33,506.99,BENIGN
53,3445442,16,16,8449,17339,824,528.07,1579,1083.73,7484.91,9.29,107670.08,215340.16,229,1496,805.9,784.16,BENIGN
8080,2374660,13,9,7644,8195,770,588.06,1162,910.61,6670.57,9.26,107939.11,182666.19,462,1256,720.02,783.65,BENIGN
53,1195837,14,11,7211,9822,736,515.09,1248,892.99,14244.56,20.91,47833.49,85416.94,271,1212,681.37,695.01,BENIGN
21,1123,2,2,88,162,62,44.13,95,81.13,223059.97,3561.38,280.79,561.58,32,103,62.63,62.9,FTP-Patator
53,1943998,16,19,10590,19546,893,661.88,1388,1028.78,15502.59,18.0,55542.8,121499.88,452,1525,861.06,848.86,BENIGN
443,2320762,15,13,10875,11124,1011,725.06,998,855.71,9479.72,12.07,82884.37,154717.49,509,1313,785.72,829.67,BENIGN
443,3314650,15,12,5031,6737,496,335.43,733,561.44,3550.5,8.15,122764.83,220976.7,219,818,435.88,421.45,BENIGN
443,1248150,7,24,2597,22750,442,371.09,1210,947.94,20308.63,24.84,40262.93,178307.28,259,1276,817.69,866.38,BENIGN
22,1364,2,2,125,171,83,62.71,130,85.65,217433.16,2931.26,341.15,682.3,20,111,74.18,74.56,FTP-Patator
53,1362274,9,9,6135,8542,1067,681.71,1386,949.22,10774.87,13.21,75681.89,151363.78,248,1354,815.46,851.21,BENIGN
443,3910597,17,16,9257,11527,808,544.54,1102,720.46,5314.93,8.44,118502.97,230035.17,415,1135,629.83,638.59,BENIGN
443,1763706,12,14,8047,9478,1015,670.59,1075,677.06,9936.94,14.74,67834.88,146975.58,535,1084,674.07,692.74,BENIGN
53,2032571,15,19,6058,17809,620,403.89,1179,937.36,11742.9,16.73,59781.51,135504.75,303,1152,702.01,689.19,BENIGN
443,3201826,17,22,8887,22263,744,522.82,1358,1011.98,9729.29,12.18,82098.12,188342.74,342,1586,798.76,844.91,BENIGN
80,2337995,10,17,4891,14864,745,489.1,1356,874.36,8449.6,11.55,86592.42,233799.53,219,1074,731.67,726.34,BENIGN
443,3971509,3,18,1855,23221,823,618.6,1912,1290.07,6314.26,5.29,189119.49,1323836.42,286,1849,1194.15,1226.74,BENIGN
443,3173169,16,24,8865,23940,704,554.09,1459,997.5,10338.42,12.61,79329.24,198323.09,364,1591,820.14,857.17,BENIGN
443,1812801,16,21,8035,19230,734,502.22,1031,915.75,15041.05,20.41,48994.64,113300.11,170,1527,736.93,735.38,BENIGN
443,2920721,14,13,5881,13525,494,420.1,1183,1040.44,6644.64,9.24,108174.87,208622.97,322,1736,718.78,790.66,BENIGN
8080,615505,11,16,7774,9968,796,706.81,764,623.03,28827.19,43.87,22796.48,55955.0,344,1129,657.16,662.97,BENIGN
53,4304146,16,15,7572,13313,533,473.3,1239,887.57,4852.61,7.2,138843.45,269009.18,182,1322,673.75,706.01,BENIGN
80,2450695,7,17,3803,17075,847,543.38,1563,1004.45,8519.74,9.79,102112.32,350099.39,367,1213,869.97,889.25,BENIGN
80,4833556,12,21,6533,18087,845,544.49,1300,861.31,5093.84,6.83,146471.41,402796.37,342,1157,746.1,798.96,BENIGN
53,2868066,14,18,7472,16630,629,533.72,1409,923.93,8403.84,11.16,89627.09,204861.92,205,1428,753.21,792.5,BENIGN
443,3242329,17,14,10902,12665,894,641.32,1050,904.67,7268.82,9.56,104591.28,190725.28,273,1138,760.26,763.27,BENIGN
80,2951259,15,21,6275,16585,614,418.33,1047,789.78,7746.0,12.2,81979.43,196750.64,170,1320,635.01,614.49,BENIGN
443,2580945,5,19,2747,16241,790,549.55,1347,854.82,7357.53,9.3,107539.38,516189.03,303,1088,791.22,819.22,BENIGN
443,2426167,16,15,9083,12154,905,567.7,1097,810.27,8753.42,12.78,78263.46,151635.46,267,1320,685.07,705.16,BENIGN
53,3130475,14,14,6532,16241,591,466.64,1831,1160.08,7274.97,8.94,111802.68,223605.36,270,1450,813.36,850.39,BENIGN
443,1497907,13,8,4674,7625,405,359.54,1062,953.22,8211.34,14.02,71328.92,115223.64,187,1286,585.71,602.68,BENIGN
443,2855572,16,13,6424,12064,495,401.55,1269,928.07,6474.97,10.16,98468.03,178473.31,133,1275,637.58,632.91,BENIGN
443,3429033,6,19,4136,9095,778,689.37,765,478.69,3858.59,7.29,137161.35,571505.62,159,898,529.25,579.64,BENIGN
443,2125120,10,16,5868,11013,730,586.81,892,688.35,7943.89,12.23,81735.4,212512.05,176,846,649.3,620.41,BENIGN
443,2823738,17,15,11858,15262,1038,697.55,1256,1017.53,9604.74,11.33,88241.84,166102.29,239,1390,847.54,927.73,BENIGN
80,939128,13,17,4472,15916,385,344.03,1275,936.27,21710.64,31.94,31304.27,72240.62,123,1297,679.64,693.69,BENIGN
443,2466000,14,9,6280,8532,659,448.61,1252,948.03,6006.78,9.33,107217.41,176142.89,357,1501,644.03,612.52,BENIGN
8080,3136847,6,14,2517,15519,613,419.66,1302,1108.52,5750.12,6.38,156842.36,522807.86,129,1436,901.86,918.7,BENIGN
53,1805738,9,13,7252,17656,1064,805.8,2060,1358.21,13794.29,12.18,82079.02,200637.61,533,1749,1132.22,1080.16,BENIGN
443,2539195,16,22,9152,14561,816,572.01,995,661.91,9339.23,14.97,66820.94,158699.73,445,1020,624.06,611.51,BENIGN
22,1835,2,1,54,84,41,27.05,93,84.77,75676.5,1634.88,611.67,917.5,15,114,46.29,48.91,FTP-Patator
8080,2356149,14,14,5262,10691,574,375.92,916,763.7,6771.51,11.88,84148.19,168296.37,172,1082,569.81,546.37,BENIGN
80,4725647,19,18,8641,13516,679,454.81,1067,750.91,4688.85,7.83,127720.21,248718.31,149,1187,598.86,573.22,BENIGN
443,1699827,17,14,7920,10915,686,465.89,937,779.69,11080.92,18.24,54833.16,99989.87,278,1222,607.6,650.08,BENIGN
443,3224807,13,13,7449,11980,655,573.01,1033,921.55,6024.97,8.06,124031.06,248062.13,263,1320,747.28,786.5,BENIGN
21,1598,2,2,125,166,72,62.67,128,83.13,182398.91,2502.09,399.67,799.33,33,131,72.9,71.62,FTP-Patator
53,2441541,11,16,5605,19090,584,509.58,1856,1193.17,10114.92,11.06,90427.46,221958.31,209,1676,914.67,878.89,BENIGN
443,1677874,7,13,6113,16061,994,873.29,1779,1235.54,13216.15,11.92,83893.7,239696.3,609,1887,1108.75,1079.07,BENIGN
443,2536968,17,21,5207,11547,475,306.34,827,549.89,6604.58,14.98,66762.33,149233.44,210,788,440.94,454.1,BENIGN
8080,1953255,13,19,5392,11805,591,414.82,966,621.35,8804.9,16.38,61039.25,150250.45,148,834,537.44,542.92,BENIGN
443,2686860,18,20,9265,13198,821,514.75,853,659.93,8360.75,14.14,70706.85,149270.01,189,1052,591.16,630.97,BENIGN
443,2544346,19,11,8927,12058,750,469.88,1354,1096.2,8248.04,11.79,84811.55,133912.97,160,1325,699.53,753.5,BENIGN
443,1944644,15,12,6658,9021,527,443.91,1048,751.76,8063.04,13.88,72023.85,129642.93,294,1033,580.73,562.93,BENIGN
443,2481884,20,19,12256,15413,822,612.84,905,811.23,11148.88,15.71,63638.06,124094.22,273,1308,709.49,741.57,BENIGN
53,1957149,11,17,6357,17047,738,577.99,1164,1002.78,11958.78,14.31,69898.21,177922.71,325,1641,835.9,907.93,BENIGN
22,1441,2,1,110,96,77,55.38,153,96.59,143850.87,2081.38,480.45,720.67,23,144,69.11,65.8,SSH-Patator
53,2559575,10,12,3844,9951,584,384.48,1237,829.27,5389.99,8.6,116344.32,255957.51,163,1318,627.09,605.49,BENIGN
443,1399836,20,13,8118,12234,599,405.92,1071,941.12,14539.44,23.57,42419.3,69991.84,193,1355,616.75,601.92,BENIGN
8080,2311294,17,10,11382,7885,816,669.55,1014,788.58,8336.51,11.68,85603.51,135958.51,361,989,713.63,776.88,BENIGN
22,636,2,1,118,71,89,59.3,107,71.91,299446.92,4715.43,212.07,318.1,24,113,63.5,62.23,SSH-Patator
443,1437090,5,20,2148,17522,589,429.64,1083,876.13,13687.97,17.4,57483.61,287418.07,235,1231,786.83,760.98,BENIGN
443,1807491,16,16,10614,10572,743,663.4,913,660.75,11721.45,17.7,56484.12,112968.24,527,1091,662.08,639.56,BENIGN
22,3111,1,2,110,100,174,110.36,73,50.46,67910.7,964.29,1037.04,3111.11,38,166,70.43,75.11,SSH-Patator
443,2860065,15,17,6699,19825,499,446.6,1383,1166.23,9274.23,11.19,89377.05,190671.05,309,1747,828.9,823.88,BENIGN
8080,1574733,14,11,6527,8670,673,466.23,1256,788.23,9650.95,15.88,62989.36,112481.0,181,1214,607.91,650.21,BENIGN
80,3510418,20,17,9449,20282,736,472.49,1848,1193.1,8469.81,10.54,94876.18,175520.94,163,1532,803.58,860.54,BENIGN
22,1410,1,1,60,83,81,60.06,101,83.5,101790.19,1418.1,705.17,1410.34,46,133,71.78,71.39,SSH-Patator
443,2530159,15,12,9102,13960,769,606.84,1729,1163.38,9115.26,10.67,93709.6,168677.28,337,1762,854.19,899.98,BENIGN
80,1764784,5,9,2428,6622,762,485.65,919,735.87,5128.69,7.93,126056.01,352956.82,191,1067,646.5,644.4,BENIGN
53,1295502,18,21,10831,18757,710,601.77,995,893.2,22839.82,30.1,33218.01,71972.35,341,1193,758.69,766.21,BENIGN
21,1876,3,1,63,132,31,21.14,164,132.87,104591.59,2131.43,469.17,625.56,15,160,49.07,47.47,SSH-Patator
443,1301842,18,8,6954,6213,593,386.39,1165,776.66,10115.07,19.97,50070.86,72324.58,149,1019,506.47,512.05,BENIGN
443,3360479,16,13,8086,11691,610,505.43,1134,899.32,5885.5,8.63,115878.6,210029.95,340,1528,682.0,671.76,BENIGN
53,3529920,9,17,4340,15558,724,482.29,1101,915.21,5637.3,7.37,135766.18,392213.41,240,1169,765.35,749.15,BENIGN
443,2348439,7,20,4353,16148,964,621.97,1038,807.4,8729.97,11.5,86979.23,335491.3,262,1001,759.33,782.52,BENIGN
443,3244509,15,18,6734,14755,560,448.95,901,819.76,6623.45,10.17,98318.47,216300.63,234,1392,651.21,658.56,BENIGN
53,1871629,14,15,5803,11981,543,414.53,1105,798.76,9502.32,15.49,64538.95,133687.82,158,1353,613.27,600.04,BENIGN
21,2021,1,1,75,92,107,75.99,128,92.69,83427.96,989.23,1010.89,2021.78,26,149,84.34,81.21,SSH-Patator
443,3984747,13,12,6267,9719,669,482.08,1227,809.96,4011.92,6.27,159389.91,306519.05,284,1028,639.46,670.11,BENIGN
443,131705,15,8,8102,9410,738,540.14,1545,1176.31,132968.22,174.63,5726.32,8780.36,186,1790,761.42,814.77,BENIGN
443,2553327,18,7,10065,8630,625,559.18,1664,1232.89,7322.02,9.79,102133.09,141851.52,252,1790,747.82,753.39,BENIGN
443,2467187,19,16,8485,13488,658,446.63,1209,843.02,8906.59,14.19,70491.07,129851.97,231,1183,627.84,633.59,BENIGN
8080,3401169,12,4,7496,3785,920,624.7,1391,946.39,3317.08,4.7,212573.08,283430.77,283,1168,705.12,747.3,BENIGN
443,2436047,14,18,8384,16207,764,598.89,1388,900.39,10094.84,13.14,76126.47,174003.37,228,1183,768.48,795.9,BENIGN
443,2902017,15,20,9753,23823,944,650.23,1643,1191.17,11570.18,12.06,82914.79,193467.84,373,1868,959.34,976.7,BENIGN
22,840,2,2,104,108,74,52.15,69,54.38,253557.23,4760.26,210.07,420.15,20,81,53.27,55.76,SSH-Patator
8080,2910695,13,16,8217,16435,1004,632.13,1608,1027.23,8469.93,9.96,100368.82,223899.68,272,1601,850.12,809.61,BENIGN
22,1083,3,2,132,148,61,44.21,114,74.4,259814.87,4616.15,216.63,361.05,34,97,56.28,55.17,FTP-Patator
443,2013428,11,11,5516,10216,659,501.47,1448,928.76,7813.82,10.93,91519.5,183038.99,351,1197,715.12,729.02,BENIGN
443,3831993,10,18,5958,12245,735,595.87,982,680.3,4750.57,7.31,136856.92,383199.39,224,914,650.15,684.11,BENIGN
443,1759442,18,9,9304,11405,802,516.9,1872,1267.23,11770.34,15.35,65164.54,97746.81,213,1731,767.01,813.72,BENIGN
80,2387301,13,23,4872,13850,494,374.84,680,602.19,7842.88,15.08,66313.92,183638.55,126,737,520.09,536.07,BENIGN
443,3906536,21,16,15222,17174,840,724.87,1642,1073.39,8292.88,9.47,105582.06,186025.54,346,1371,875.58,879.52,BENIGN
21,472,2,2,138,166,85,69.1,94,83.39,646083.04,8474.0,118.01,236.02,31,133,76.24,72.91,SSH-Patator
21,3333,1,1,41,105,56,41.82,124,105.29,44134.89,600.04,1666.56,3333.13,23,138,73.55,73.95,FTP-Patator
443,3475867,13,16,7459,15767,731,573.8,1216,985.46,6682.3,8.34,119857.5,267374.42,424,1674,800.92,878.42,BENIGN
80,2833906,17,18,7500,18005,613,441.23,1228,1000.33,9000.64,12.35,80968.77,166700.41,222,1562,728.77,701.55,BENIGN
443,2459549,15,24,4490,25867,342,299.4,1584,1077.82,12343.11,15.86,63065.38,163969.99,187,1741,778.42,828.18,BENIGN
53,3476124,17,21,12286,24224,821,722.71,1509,1153.53,10503.15,10.93,91476.96,204477.91,242,1811,960.8,956.29,BENIGN
443,3721296,13,14,6998,14668,594,538.33,1472,1047.77,5822.43,7.26,137825.79,286253.57,384,1459,802.48,771.3,BENIGN
53,2998764,16,19,10291,24222,926,643.2,1917,1274.89,11509.47,11.67,85678.98,187422.76,350,2111,986.12,1060.31,BENIGN
80,2884056,18,18,11189,15240,742,621.64,1116,846.7,9164.24,12.48,80112.69,160225.37,201,1227,734.17,768.52,BENIGN
8080,2271569,15,14,9324,13538,794,621.65,1529,967.01,10064.81,12.77,78329.98,151437.96,242,1195,788.38,860.89,BENIGN
22,1039,3,2,81,96,42,27.2,75,48.36,171581.67,4810.54,207.88,346.46,9,79,35.67,37.05,FTP-Patator
443,2541969,13,21,7282,15209,730,560.19,821,724.28,8848.4,13.38,74763.82,195536.15,402,1175,661.54,650.19,BENIGN
80,2244059,15,16,7450,18665,663,496.71,1808,1166.59,11637.88,13.81,72389.02,149603.97,345,1520,842.45,806.04,BENIGN
22,2572,2,1,111,70,63,55.98,81,70.37,70873.74,1166.17,857.51,1286.26,23,91,60.77,61.14,FTP-Patator
443,3066365,15,14,5986,7881,455,399.1,658,562.94,4522.47,9.46,105736.74,204424.37,123,725,478.19,522.19,BENIGN
8080,2981311,13,14,8635,11387,762,664.24,1232,813.42,6716.15,9.06,110418.96,229331.68,376,1227,741.59,796.39,BENIGN
443,3268292,18,19,10426,17920,911,579.25,1097,943.17,8673.27,11.32,88332.22,181571.8,381,1380,766.13,727.96,BENIGN
80,3203700,10,17,5643,11206,853,564.37,893,659.2,5259.59,8.43,118655.58,320370.07,425,1115,624.08,627.22,BENIGN
8080,1071168,12,12,6262,12094,785,521.88,1215,1007.89,17137.67,22.41,44632.04,89264.07,300,1294,764.89,790.51,BENIGN
443,2160892,18,12,8910,10334,569,495.01,1254,861.2,8905.83,13.88,72029.76,120049.61,211,1265,641.48,638.13,BENIGN
53,2082946,12,22,5680,17957,663,473.39,1261,816.27,11348.6,16.32,61263.12,173578.85,188,1297,695.25,680.78,BENIGN
21,2048,2,2,128,133,101,64.25,83,66.58,127749.85,1952.95,512.05,1024.09,25,93,65.41,71.51,FTP-Patator
443,2886887,18,8,8083,8391,562,449.08,1554,1048.94,5706.84,9.01,111034.13,160382.63,210,1341,633.65,683.21,BENIGN
443,2536019,16,9,6742,9218,590,421.42,1419,1024.3,6293.84,9.86,101440.78,158501.21,237,1439,638.45,607.97,BENIGN
443,2028456,18,21,9210,24784,691,511.69,1472,1180.2,16758.88,19.23,52011.7,112692.01,223,1890,871.66,896.64,BENIGN
443,3206410,18,18,10698,16895,923,594.38,1485,938.65,8606.09,11.23,89066.96,178133.93,287,1132,766.52,812.58,BENIGN
22,1201,2,1,44,79,24,22.41,105,79.43,103401.09,2496.54,400.55,600.83,13,111,41.42,39.82,FTP-Patator
443,1180983,9,18,4759,14915,816,528.84,1188,828.63,16659.7,22.86,43740.14,131220.41,234,1226,728.7,720.97,BENIGN
8080,2124575,5,17,2681,16335,689,536.29,1232,960.92,8951.0,10.36,96571.62,424915.14,384,1576,864.41,835.31,BENIGN
80,841451,20,13,10540,12985,795,527.02,1274,998.88,27958.6,39.22,25498.52,42072.55,349,1695,712.9,717.29,BENIGN
80,1915624,16,17,10551,13487,1020,659.44,953,793.35,12548.4,17.23,58049.22,119726.52,525,1174,728.42,707.07,BENIGN
443,2610320,9,11,3214,11964,453,357.14,1684,1087.71,5815.02,7.66,130516.01,290035.57,143,1765,758.95,743.17,BENIGN
80,3218707,16,16,8512,12897,652,532.05,892,806.08,6651.75,9.94,100584.62,201169.24,241,1099,669.06,702.31,BENIGN
8080,3420266,16,16,7824,9893,628,489.02,692,618.33,5180.19,9.36,106883.32,213766.64,277,795,553.68,559.0,BENIGN
80,1957956,19,20,7335,16552,565,386.07,1158,827.64,12200.56,19.92,50204.02,103050.35,255,1183,612.52,585.39,BENIGN
443,1338115,13,18,6677,18350,571,513.63,1388,1019.48,18703.83,23.17,43165.02,102931.97,348,1304,807.35,778.39,BENIGN
443,3151043,11,20,7029,22806,1018,639.04,1548,1140.31,9468.5,9.84,101646.57,286458.51,420,1844,962.44,942.79,BENIGN
8080,2378666,10,12,6950,10355,859,695.07,1083,862.96,7275.6,9.25,108121.2,237866.65,541,1185,786.65,775.97,BENIGN
443,3652832,16,17,10638,13365,973,664.89,1057,786.18,6571.16,9.03,110691.89,228302.02,287,1082,727.37,746.55,BENIGN
443,3712541,15,18,6509,15452,550,434.0,1009,858.47,5915.73,8.89,112501.25,247502.74,209,1351,665.53,699.73,BENIGN
443,3138929,18,15,11144,18517,698,619.16,1450,1234.51,9449.91,10.51,95119.08,174384.98,356,1649,898.87,950.95,BENIGN
21,1363,1,2,76,83,119,76.41,47,41.68,117200.04,2200.64,454.41,1363.24,31,95,53.26,53.13,FTP-Patator
21,3340,2,1,92,78,66,46.47,99,78.76,51396.45,897.97,1113.62,1670.43,36,115,57.24,62.73,FTP-Patator
443,1817291,10,17,5011,7866,678,501.19,639,462.75,7086.7,14.86,67307.07,181729.1,219,659,476.99,521.1,BENIGN
443,2968563,11,15,4951,10621,550,450.13,873,708.08,5245.85,8.76,114175.53,269869.44,140,1008,598.95,644.78,BENIGN
53,2290563,18,12,11703,9044,925,650.18,1176,753.74,9058.02,13.1,76352.12,127253.54,451,1238,691.6,675.24,BENIGN
22,1706,2,1,90,34,59,45.43,45,34.43,73413.04,1757.88,568.87,853.3,12,61,41.76,41.4,SSH-Patator
443,3241084,20,19,10527,21231,825,526.4,1593,1117.45,9799.07,12.03,83104.73,162054.22,371,1893,814.35,886.22,BENIGN
53,1716946,15,14,7168,11687,669,477.92,1010,834.83,10982.51,16.89,59205.07,114463.13,163,1332,650.22,655.23,BENIGN
22,2286,3,2,104,213,40,34.91,133,106.72,139179.04,2187.16,457.21,762.02,18,132,63.63,65.63,FTP-Patator
22,2499,1,2,65,153,76,65.3,116,76.65,87445.76,1200.05,833.3,2499.89,49,114,72.87,79.26,SSH-Patator
8080,2311225,17,9,7047,10270,599,414.53,1566,1141.19,7492.89,11.25,88893.28,135954.42,290,1453,666.07,650.26,BENIGN
8080,2453173,12,21,6604,21696,668,550.41,1178,1033.15,11536.53,13.45,74338.6,204431.16,395,1675,857.61,904.93,BENIGN
443,1989398,13,16,5838,14542,629,449.09,1231,908.93,10244.83,14.58,68599.95,153030.65,249,1117,702.79,681.52,BENIGN
443,2034437,13,26,5229,21550,529,402.29,1302,828.86,13163.45,19.17,52165.06,156495.17,233,1216,686.67,689.77,BENIGN
8080,2108857,6,16,3151,15975,641,525.17,1557,998.48,9069.72,10.43,95857.14,351476.18,163,1453,869.4,870.68,BENIGN
443,2793311,13,12,6153,12738,712,473.35,1185,1061.52,6763.22,8.95,111732.46,214870.11,212,1758,755.67,809.31,BENIGN
21,1479,3,1,102,59,51,34.2,90,59.22,109379.39,2703.59,369.88,493.17,23,71,40.46,43.47,FTP-Patator
80,1977615,12,17,9803,16957,996,816.98,1448,997.49,13532.0,14.66,68193.63,164801.27,350,1607,922.8,959.22,BENIGN
443,2709366,9,6,3200,5260,460,355.66,1181,876.73,3122.98,5.54,180624.43,301040.71,150,1329,564.09,614.82,BENIGN
80,2550344,12,20,3916,13802,471,326.34,855,690.14,6947.6,12.55,79698.27,212528.72,184,1170,553.71,564.09,BENIGN
443,3867180,17,20,8449,14703,756,497.04,1009,735.19,5987.2,9.57,104518.4,227481.22,197,1129,625.77,628.16,BENIGN
21,2537,1,2,63,204,88,63.3,153,102.45,105681.84,1182.13,845.93,2537.8,19,173,89.4,92.03,FTP-Patator
21,1555,3,1,126,136,59,42.24,188,136.16,169021.01,2571.81,388.83,518.44,26,197,65.72,66.55,FTP-Patator
443,3179154,12,20,5749,13336,645,479.09,934,666.82,6003.3,10.07,99348.57,264929.52,198,830,596.42,605.61,BENIGN
443,1647276,18,11,8354,7579,644,464.13,829,689.02,9672.71,17.6,56802.65,91515.38,306,871,549.44,575.66,BENIGN
443,3515178,12,19,5074,14650,674,422.88,1075,771.08,5611.41,8.82,113392.85,292931.52,162,965,636.29,617.62,BENIGN
443,2315905,16,15,6289,15691,467,393.08,1293,1046.09,9491.17,13.39,74706.63,144744.1,251,1750,709.05,707.87,BENIGN
21,1530,2,1,112,79,84,56.47,118,79.57,125801.82,1960.45,510.09,765.13,26,103,64.17,69.96,SSH-Patator
53,2060008,15,24,8391,14487,757,559.41,670,603.64,11106.1,18.93,52820.73,137333.91,379,827,586.63,641.18,BENIGN
443,2526087,12,21,6915,23641,858,576.31,1517,1125.77,12096.49,13.06,76548.11,210507.3,176,1586,925.96,891.16,BENIGN
443,1815989,10,15,5009,10401,702,500.99,1024,693.41,8486.37,13.77,72639.57,181598.92,257,1038,616.45,592.88,BENIGN
443,2020332,11,13,4080,12508,447,370.94,1411,962.18,8210.88,11.88,84180.5,183666.55,219,1623,691.2,720.53,BENIGN
80,1867712,14,27,8614,25798,839,615.32,1297,955.5,18425.1,21.95,45553.97,133408.05,269,1619,839.34,880.16,BENIGN
21,3015,3,2,113,155,57,37.98,111,77.99,89502.88,1657.94,603.16,1005.26,28,106,53.98,51.33,SSH-Patator
80,2101594,10,16,4345,14526,648,434.59,1149,907.88,8979.89,12.37,80830.58,210159.5,290,1188,725.85,744.18,BENIGN
80,3339418,7,9,3662,10421,610,523.16,1277,1157.95,4217.4,4.79,208713.68,477059.85,308,1909,880.23,871.86,BENIGN
80,1947988,8,20,3782,16275,675,472.81,986,813.8,10297.0,14.37,69571.03,243498.59,230,1262,716.37,773.58,BENIGN
443,3121977,10,12,5850,10749,735,585.02,1184,895.77,5316.95,7.05,141908.09,312197.8,180,1441,754.52,716.9,BENIGN
443,2124629,9,17,6088,16789,1048,676.48,1096,987.64,10768.07,12.24,81716.52,236069.96,390,1624,879.93,913.02,BENIGN
8080,2193287,20,16,13158,10406,1003,657.93,918,650.38,10743.93,16.41,60924.64,109664.35,428,1020,654.57,708.12,BENIGN
22,2399,1,1,96,123,137,96.01,151,123.29,91403.55,833.61,1199.6,2399.19,53,207,109.65,113.8,FTP-Patator
53,2973636,12,17,3929,13488,413,327.47,1011,793.45,5857.61,9.75,102539.17,247803.0,165,1231,600.63,595.72,BENIGN
53,2906412,17,18,6054,14650,478,356.13,906,813.94,7123.94,12.04,83040.35,170965.43,250,1002,591.57,632.97,BENIGN
22,2099,2,1,95,67,56,47.84,100,67.27,77605.4,1428.72,699.93,1049.89,20,96,54.32,53.31,SSH-Patator
443,3225107,19,16,9329,11058,671,491.02,841,691.18,6321.78,10.85,92145.92,169742.48,380,1166,582.53,610.21,BENIGN
22,2713,2,1,93,144,62,46.81,168,144.27,87662.42,1105.53,904.54,1356.81,25,200,79.29,78.47,SSH-Patator
443,2326019,20,15,9258,18000,738,462.92,1561,1200.0,11718.88,15.05,66457.71,116301.0,339,1516,778.81,855.53,BENIGN
443,2585141,11,12,5993,11307,760,544.85,1375,942.28,6692.33,8.9,112397.46,235012.87,331,1499,752.2,763.81,BENIGN
22,1727,3,1,128,91,47,42.75,102,91.79,127390.53,2315.93,431.79,575.72,30,110,55.01,55.76,SSH-Patator
21,1273,1,2,42,142,61,42.24,111,71.27,145032.44,2354.82,424.66,1273.98,14,106,61.59,58.52,FTP-Patator
8080,2241938,14,13,6221,9265,660,444.37,836,712.75,6907.79,12.04,83034.75,160138.44,262,894,573.59,581.6,BENIGN
21,3471,3,1,142,99,71,47.61,159,99.59,69841.09,1152.33,867.8,1157.07,29,129,60.61,58.03,SSH-Patator
443,2449620,6,23,2873,26948,727,478.9,1588,1171.68,12174.18,11.84,84469.66,408270.05,247,1606,1028.35,1115.42,BENIGN
443,1364927,20,9,12798,5721,898,639.91,794,635.77,13568.58,21.25,47066.46,68246.37,408,979,638.62,655.28,BENIGN
443,3031273,15,20,10152,16543,1053,676.85,1211,827.19,8807.09,11.55,86607.8,202084.88,204,1062,762.76,740.9,BENIGN
443,1561426,14,7,10188,5763,994,727.78,948,823.37,10216.65,13.45,74353.67,111530.5,229,1238,759.65,821.29,BENIGN
53,1461334,20,21,11593,19994,801,579.68,1278,952.1,21615.62,28.06,35642.32,73066.75,372,1284,770.43,821.53,BENIGN
443,3159324,14,10,4857,6105,521,347.0,885,610.51,3470.08,7.6,131638.53,225666.06,274,765,456.8,437.19,BENIGN
53,2245005,9,11,4671,8871,637,519.01,1270,806.54,6032.52,8.91,112250.28,249445.07,200,1267,677.15,655.05,BENIGN
22,2718,3,3,129,187,69,43.28,81,62.6,116832.25,2206.92,453.12,906.24,24,99,52.94,58.0,FTP-Patator
80,2562022,10,14,4148,14549,548,414.88,1570,1039.27,7298.35,9.37,106750.92,256202.21,272,1328,779.11,855.5,BENIGN
443,1668870,16,22,10868,15789,845,679.28,1078,717.72,15973.87,22.77,43917.64,104304.39,346,913,701.53,730.21,BENIGN
53,219755,17,25,10654,24672,895,626.73,1110,986.89,160754.86,191.12,5232.27,12926.79,427,1336,841.11,899.5,BENIGN
443,3819736,15,17,10712,20857,1115,714.19,1387,1226.88,8264.92,8.38,119366.77,254649.1,561,1999,986.56,982.9,BENIGN
443,2197061,19,12,8986,12881,629,472.96,1294,1073.47,9953.29,14.11,70872.97,115634.84,346,1306,705.42,699.07,BENIGN
8080,2518229,18,16,10313,17423,669,572.99,1408,1088.98,11014.67,13.5,74065.58,139901.66,283,1340,815.81,813.81,BENIGN
8080,3152485,12,16,6236,15433,825,519.67,1520,964.57,6873.69,8.88,112588.78,262707.15,206,1279,773.9,840.22,BENIGN
443,1608328,16,17,9058,11323,811,566.15,870,666.07,12672.58,20.52,48737.22,100520.52,317,866,617.63,629.58,BENIGN
53,2500964,16,17,9100,16872,700,568.75,1334,992.5,10384.97,13.19,75786.8,156310.29,368,1204,787.04,844.37,BENIGN
80,3419112,14,25,8655,17667,745,618.28,1130,706.7,7698.92,11.41,87669.56,244222.34,446,1160,674.96,661.46,BENIGN
443,4007428,18,18,8753,20244,672,486.32,1717,1124.7,7236.16,8.98,111317.45,222634.91,201,1869,805.51,810.82,BENIGN
443,2188721,24,14,14018,8866,876,584.1,758,633.31,10455.74,17.36,57597.92,91196.71,232,1026,602.23,611.47,BENIGN
8080,1607131,15,25,9258,27152,847,617.24,1411,1086.09,22655.84,24.89,40178.3,107142.13,253,1357,910.27,915.54,BENIGN
80,3862915,11,3,7657,2632,987,696.16,1302,877.42,2663.79,3.62,275922.53,351174.13,460,1275,735.0,777.94,BENIGN
443,3679759,8,17,3257,16242,611,407.13,1278,955.46,5299.23,6.79,147190.38,459969.92,247,1235,780.0,793.25,BENIGN
80,842212,16,25,8029,22982,756,501.87,1161,919.28,36821.93,48.68,20541.76,52638.26,183,1104,756.39,752.82,BENIGN
8080,2820697,14,12,7463,11841,790,533.09,1319,986.81,6844.07,9.22,108488.36,201478.38,422,1327,742.5,753.39,BENIGN
80,1665737,12,19,7557,18691,717,629.76,1291,983.74,15757.74,18.61,53733.48,138811.48,232,1587,846.72,881.85,BENIGN
80,2379435,3,17,1434,16123,739,478.16,1420,948.46,7379.21,8.41,118971.8,793145.31,284,1293,877.92,894.89,BENIGN
80,3053770,11,17,7785,14396,1064,707.78,1174,846.83,7263.68,9.17,109063.24,277615.53,330,1159,792.2,794.98,BENIGN
443,2419531,14,12,7336,17636,816,524.04,2262,1469.75,10321.66,10.75,93058.9,172823.68,167,1808,960.52,951.53,BENIGN
443,1563789,14,18,7900,16257,717,564.35,1166,903.19,15448.52,20.46,48868.42,111699.26,230,1470,754.94,794.13,BENIGN
443,1568065,22,15,12778,16261,776,580.82,1447,1084.08,18519.2,23.6,42380.14,71275.69,346,1675,784.85,763.18,BENIGN
443,2987235,19,13,10238,11137,658,538.84,1255,856.7,7155.5,10.71,93351.11,157222.93,253,1125,667.97,640.89,BENIGN
443,4011365,18,29,9665,31093,761,536.95,1425,1072.19,10160.8,11.72,85348.2,222853.62,205,1477,867.21,881.23,BENIGN
80,2446155,9,23,5522,17197,968,613.62,827,747.7,9287.9,13.08,76442.37,271795.09,271,906,709.99,701.71,BENIGN
443,3808288,18,18,9463,13955,587,525.73,948,775.31,6149.4,9.45,105785.79,211571.58,182,1195,650.52,667.14,BENIGN
21,1672,2,2,109,146,67,54.85,113,73.5,153511.82,2392.23,418.02,836.04,25,107,64.17,65.33,FTP-Patator
21,1119,1,1,51,61,61,51.76,80,61.08,100813.15,1786.9,559.63,1119.26,41,83,56.42,58.71,FTP-Patator
53,2081234,11,11,6595,13551,664,599.55,1373,1231.93,9679.97,10.57,94601.55,189203.1,356,1907,915.74,1005.93,BENIGN
53,2345243,16,18,8955,15485,812,559.72,1115,860.3,10421.52,14.5,68977.74,146577.69,230,1439,718.85,775.59,BENIGN
80,2281550,5,27,2959,18640,712,591.93,788,690.37,9467.11,14.03,71298.44,456310.03,289,1002,674.99,721.8,BENIGN
53,2430070,8,23,3350,16005,633,418.87,1013,695.88,7965.31,12.76,78389.38,303758.86,302,1051,624.4,651.93,BENIGN
21,2313,2,2,114,142,86,57.06,110,71.41,111070.25,1729.07,578.34,1156.69,35,93,64.24,69.8,SSH-Patator
443,2497523,7,14,3514,12779,756,502.02,1036,912.81,6523.86,8.41,118929.69,356789.07,186,1282,775.88,771.55,BENIGN
443,2690060,9,24,4883,16206,611,542.62,950,675.26,7839.89,12.27,81516.97,298895.57,256,958,639.08,675.62,BENIGN
8080,3577746,16,16,8022,15705,669,501.42,1162,981.58,6632.1,8.94,111804.59,223609.18,274,1477,741.5,710.94,BENIGN
443,2251689,11,24,5466,15073,633,496.93,816,628.07,9122.05,15.54,64334.0,204699.09,238,908,586.86,642.54,BENIGN
443,4741978,17,14,12914,8121,1101,759.67,745,580.11,4436.1,6.54,152967.06,278939.94,390,1102,678.58,741.6,BENIGN
53,4450300,16,17,7274,15268,706,454.67,1017,898.13,5065.51,7.42,134857.59,278143.78,177,1263,683.12,703.38,BENIGN
21,1400,2,1,88,53,67,44.13,68,53.34,101117.81,2142.47,466.75,700.13,19,85,47.2,46.48,FTP-Patator
22,908,1,1,64,87,95,64.69,108,87.0,166988.57,2201.68,454.2,908.4,35,140,75.85,81.17,SSH-Patator
443,2828918,17,19,10212,16421,853,600.76,1143,864.28,9415.0,12.73,78581.07,166406.96,295,1081,739.84,771.85,BENIGN
443,2546265,19,18,5856,15161,361,308.24,1045,842.3,8254.43,14.53,68817.99,134013.98,233,1250,568.05,624.5,BENIGN
443,1365774,17,12,7461,13581,521,438.91,1285,1131.77,15407.18,21.23,47095.67,80339.67,169,1583,725.61,793.75,BENIGN
80,2027866,11,16,1937,13444,246,176.13,929,840.3,7585.39,13.31,75106.18,184351.54,125,1066,569.71,603.91,BENIGN
443,1659770,19,7,9484,9015,668,499.17,1582,1287.99,11146.2,15.66,63837.32,87356.33,362,1744,711.54,773.58,BENIGN
443,3055304,15,13,7101,13990,738,473.41,1578,1076.18,6903.21,9.16,109118.02,203686.97,302,1430,753.26,716.72,BENIGN
443,1796464,16,13,11995,9733,841,749.75,834,748.74,12095.73,16.14,61947.04,112279.01,598,1087,749.29,799.37,BENIGN
80,2640697,7,15,2320,17731,465,331.57,1835,1182.12,7593.77,8.33,120031.71,377242.53,246,1550,911.49,917.62,BENIGN
443,2612675,17,19,9241,19860,861,543.64,1569,1045.28,11138.82,13.78,72574.33,153686.81,245,1716,808.39,793.52,BENIGN
21,1230,1,2,46,89,62,46.25,50,44.55,110013.44,2438.48,410.09,1230.27,20,64,45.12,45.03,SSH-Patator
80,2547202,21,21,9895,17084,735,471.23,1224,813.53,10592.0,16.49,60647.69,121295.38,187,1141,642.38,614.69,BENIGN
443,2693517,13,4,8945,3873,765,688.14,1230,968.39,4759.37,6.31,158442.22,207193.67,263,1632,754.08,754.45,BENIGN
443,1176783,21,21,11107,18927,743,528.91,1103,901.31,25522.73,35.69,28018.66,56037.31,401,1409,715.11,757.79,BENIGN
80,3004101,17,21,9564,22328,713,562.63,1239,1063.27,10616.62,12.65,79055.3,176711.85,237,1771,839.3,804.07,BENIGN
53,2860588,21,13,13335,18570,934,635.0,1978,1428.5,11153.5,11.89,84134.96,136218.5,210,1782,938.4,976.68,BENIGN
443,2042090,19,3,11436,4379,908,601.91,2289,1459.83,7744.93,10.77,92822.28,107478.43,243,1839,718.9,700.7,BENIGN
80,2403693,17,28,8171,26221,566,480.7,1474,936.49,14308.64,18.72,53415.41,141393.74,313,1127,764.3,838.74,BENIGN
53,3954232,11,32,6467,28515,886,587.97,1067,891.11,8847.03,10.87,91958.89,359475.68,401,1320,813.56,890.13,BENIGN
443,1571360,15,13,6801,13070,625,453.45,1367,1005.42,12646.49,17.82,56120.02,104757.37,218,1211,709.72,703.86,BENIGN
22,1541,1,2,62,109,85,62.02,75,54.99,111569.35,1946.08,513.85,1541.56,36,89,57.33,61.09,FTP-Patator
8080,2485367,10,14,8217,7111,975,821.73,764,507.98,6167.72,9.66,103556.97,248536.73,202,1354,638.71,654.24,BENIGN
443,2747098,14,16,8619,14930,726,615.66,1136,933.19,8572.74,10.92,91569.96,196221.33,486,1345,785.01,787.45,BENIGN
53,2508467,12,20,5451,16750,645,454.3,1283,837.5,8850.69,12.76,78389.61,209038.96,299,1099,693.8,662.0,BENIGN
80,1252885,12,8,7443,6295,836,620.28,979,786.95,10965.83,15.96,62644.3,104407.16,338,1113,686.95,735.15,BENIGN
53,2538729,15,16,11235,14391,866,749.05,1220,899.49,10094.68,12.21,81894.48,169248.6,331,1362,826.7,891.57,BENIGN
53,2969353,16,17,9189,18516,918,574.34,1488,1089.21,9330.63,11.11,89980.42,185584.61,174,1617,839.57,897.87,BENIGN
443,2846171,13,25,5437,23655,641,418.23,1133,946.22,10221.68,13.35,74899.26,218936.29,183,1440,765.6,735.76,BENIGN
443,2359207,21,16,12669,13753,898,603.32,996,859.6,11200.13,15.68,63762.35,112343.2,432,1444,714.15,711.65,BENIGN
8080,2278956,13,15,8459,17552,944,650.76,1559,1170.15,11414.08,12.29,81391.31,175304.35,230,1829,929.01,1002.59,BENIGN
21,1036,1,1,67,49,107,67.75,78,49.78,113363.58,1929.09,518.38,1036.76,15,85,58.77,60.26,SSH-Patator
443,1945485,17,23,9450,22279,646,555.89,1252,968.68,16309.37,20.56,48637.13,114440.31,347,1518,793.24,863.9,BENIGN
8080,2362631,15,23,9217,21450,960,614.51,1126,932.64,12980.6,16.08,62174.5,157508.74,383,1554,807.06,859.5,BENIGN
443,723025,10,23,6633,24130,1045,663.33,1154,1049.17,42549.36,45.64,21909.87,72302.58,279,1416,932.25,931.05,BENIGN
80,3975063,15,27,7083,20651,675,472.25,1059,764.87,6977.27,10.57,94644.36,265004.21,267,1066,660.36,726.38,BENIGN
443,3234266,8,8,3709,8395,517,463.64,1202,1049.49,3742.75,4.95,202141.65,404283.31,201,1368,756.57,793.94,BENIGN
443,2814146,18,16,9614,13221,754,534.17,932,826.33,8114.78,12.08,82769.02,156341.48,317,1173,671.65,676.99,BENIGN
8080,1847760,12,10,3733,7654,431,311.13,851,765.47,6163.32,11.91,83989.12,153980.05,162,1251,517.65,546.82,BENIGN
22,2387,3,2,162,120,81,54.1,80,60.01,118237.3,2093.87,477.58,795.97,28,94,56.47,60.38,SSH-Patator
443,1933321,13,11,6822,8662,762,524.81,1030,787.53,8009.73,12.41,80555.06,148717.03,284,976,645.22,660.09,BENIGN
53,2605223,16,3,5518,2584,536,344.9,1328,861.62,3110.38,7.29,137117.03,162826.47,262,1110,426.49,460.18,BENIGN
53,1481003,14,22,9052,16085,1020,646.63,1158,731.16,16973.83,24.31,41138.99,105785.97,375,1240,698.29,702.99,BENIGN
80,2747569,13,20,9485,21785,1138,729.62,1363,1089.29,11381.28,12.01,83259.7,211351.54,356,1370,947.6,920.43,BENIGN
8080,2717258,12,14,6522,11966,749,543.56,981,854.78,6804.5,9.57,104509.95,226438.23,188,1201,711.14,692.25,BENIGN
53,1130689,17,16,9042,13456,633,531.92,1320,841.03,19898.66,29.19,34263.32,66511.14,334,1334,681.79,721.18,BENIGN
22,2686,2,2,81,88,61,40.63,62,44.28,63221.32,1489.17,671.52,1343.03,27,68,42.45,45.03,SSH-Patator
80,2271273,16,11,10419,8424,881,651.21,1011,765.91,8296.85,11.89,84121.22,141954.57,486,1073,697.94,758.38,BENIGN
80,3340994,8,22,4652,17341,855,581.51,1007,788.26,6582.98,8.98,111366.47,417624.25,397,1205,733.12,704.19,BENIGN
8080,3481987,13,14,7414,14897,892,570.37,1509,1064.11,6407.93,7.75,128962.5,267845.18,266,1438,826.38,830.46,BENIGN
443,2342037,11,6,7800,5406,854,709.13,1085,901.13,5639.21,7.26,137766.9,212912.48,484,1158,776.9,805.7,BENIGN
80,2809428,12,9,6265,2822,661,522.14,501,313.59,3234.81,7.47,133782.29,234119.0,165,759,432.76,422.65,BENIGN
80,3284412,9,17,4569,15489,734,507.73,1107,911.16,6107.4,7.92,126323.56,364934.74,230,1300,771.51,769.25,BENIGN
21,476,3,2,114,256,59,38.01,161,128.45,778014.53,10487.24,95.35,158.92,19,171,74.19,78.35,FTP-Patator
8080,1394537,14,14,6685,9989,689,477.55,895,713.53,11957.45,20.08,49804.92,99609.85,210,1102,595.54,568.9,BENIGN
80,1288224,11,19,5084,12524,651,462.18,896,659.18,13668.71,23.29,42940.8,117111.27,293,793,586.95,599.72,BENIGN
8080,2898382,14,18,8927,10560,1012,637.65,810,586.68,6723.52,11.04,90574.46,207027.33,237,1002,608.98,643.97,BENIGN
53,2517839,18,11,9702,10108,677,539.04,1079,918.96,7868.36,11.52,86822.05,139879.98,248,1105,683.15,677.5,BENIGN
443,1517065,12,21,5631,18594,632,469.33,1093,885.43,15969.03,21.75,45971.67,126422.09,275,1342,734.12,748.32,BENIGN
80,2241911,11,18,6581,12641,853,598.31,793,702.28,8574.18,12.94,77307.28,203810.1,245,850,662.85,708.25,BENIGN
8080,3554817,16,28,10437,27084,965,652.33,1540,967.29,10555.08,12.38,80791.3,222176.08,242,1380,852.76,905.41,BENIGN
8080,1013792,18,14,7284,11683,488,404.71,1108,834.57,18710.63,31.56,31681.02,56321.81,164,1086,592.77,582.43,BENIGN
443,2767569,9,14,4466,10500,564,496.31,994,750.03,5408.04,8.31,120329.1,307507.7,351,1153,650.74,622.1,BENIGN
80,3321974,14,21,6263,18078,533,447.39,1148,860.9,7327.66,10.54,94913.57,237283.92,271,1444,695.49,698.55,BENIGN
21,1752,2,1,104,102,70,52.47,118,102.43,118315.72,1711.66,584.23,876.34,29,138,69.12,68.87,FTP-Patator
443,501397,13,16,6832,8407,659,525.56,673,525.48,30394.95,57.84,17289.58,38569.06,197,862,525.52,543.66,BENIGN
443,2358096,8,13,5106,14808,719,638.33,1640,1139.1,8445.34,8.91,112290.29,294762.02,482,1747,948.33,987.15,BENIGN
8080,3541563,15,17,9295,16246,901,619.72,1473,955.66,7212.04,9.04,110673.87,236104.26,342,1175,798.18,762.83,BENIGN
22,1186,3,1,159,64,73,53.28,80,64.02,188665.35,3371.12,296.64,395.52,35,104,55.97,58.34,FTP-Patator
53,2541532,9,8,5551,8823,833,616.81,1300,1102.92,5655.9,6.69,149501.92,282392.51,218,1678,845.57,928.1,BENIGN
443,3581294,15,18,7419,18005,779,494.62,1153,1000.31,7099.36,9.21,108524.07,238752.95,275,1246,770.45,834.28,BENIGN
443,3081172,8,14,4307,8216,778,538.42,679,586.92,4064.75,7.14,140053.27,385146.51,313,818,569.28,612.52,BENIGN
8080,1688040,13,14,7505,14696,645,577.37,1513,1049.72,13152.4,15.99,62520.03,129849.29,225,1654,822.29,903.02,BENIGN
53,2473874,11,13,5586,10739,647,507.84,1153,826.12,6599.25,9.7,103078.12,224897.72,284,1151,680.24,704.82,BENIGN
21,1710,3,3,143,197,66,47.79,101,65.83,199283.78,3507.85,285.08,570.15,29,83,56.81,54.55,SSH-Patator
80,1940312,7,10,3546,10381,584,506.71,1149,1038.11,7178.26,8.76,114136.03,277187.5,345,1365,819.3,867.31,BENIGN
443,2457312,11,20,5159,14459,541,469.05,1035,722.96,7983.84,12.62,79268.15,223392.07,293,1097,632.86,606.35,BENIGN
53,1441788,6,19,3789,16500,876,631.53,1180,868.42,14072.27,17.34,57671.56,240298.15,332,1119,811.57,867.06,BENIGN
443,2447793,14,23,4848,15826,382,346.3,1080,688.09,8446.04,15.12,66156.58,174842.39,209,1162,558.76,588.53,BENIGN
443,2475370,22,22,4525,16089,251,205.72,1140,731.34,8328.12,17.78,56258.42,112516.85,113,1218,468.53,475.23,BENIGN
53,2516139,19,17,5714,17331,338,300.74,1556,1019.5,9159.09,14.31,69892.78,132428.42,209,1379,640.15,623.04,BENIGN
443,1416458,12,22,8315,18472,805,693.0,1162,839.68,18912.62,24.0,41660.54,118038.19,252,1044,787.91,809.05,BENIGN
53,2074293,12,12,8031,12620,1043,669.32,1426,1051.68,9956.16,11.57,86428.89,172857.78,443,1373,860.5,859.35,BENIGN
443,1756771,12,20,7812,19231,794,651.05,1421,961.58,15394.31,18.22,54899.1,146397.61,213,1238,845.13,928.86,BENIGN
53,1908562,18,16,8410,18310,665,467.26,1596,1144.43,14000.88,17.81,56134.18,106031.24,359,1625,785.93,790.3,BENIGN
80,3670497,15,13,5513,9368,577,367.58,1025,720.66,4054.56,7.63,131089.18,244699.81,178,897,531.51,550.55,BENIGN
80,2285597,10,16,3676,16220,535,367.67,1280,1013.77,8705.44,11.38,87907.6,228559.77,214,1290,765.27,732.2,BENIGN
80,3057739,10,11,7212,13825,977,721.23,1551,1256.83,6880.04,6.87,145606.65,305773.97,570,1749,1001.78,962.21,BENIGN
443,1484230,19,9,13464,8892,1084,708.68,1354,988.03,15063.17,18.86,53008.25,78117.41,356,1284,798.47,789.39,BENIGN
8080,1283726,5,14,1664,12879,430,332.97,1128,919.94,11329.49,14.8,67564.57,256745.38,126,1301,765.47,762.77,BENIGN
53,1196435,17,17,10726,13416,915,631.0,1192,789.22,20179.75,28.42,35189.29,70378.58,233,1094,710.11,709.41,BENIGN
53,2306577,17,14,11220,12892,947,660.05,1056,920.87,10454.0,13.44,74405.71,135681.01,328,1407,777.84,762.86,BENIGN
21,981,1,2,96,90,153,96.61,71,45.47,191133.02,3057.44,327.07,981.21,26,128,62.51,61.0,FTP-Patator
53,2148952,14,19,6365,16566,605,454.67,1365,871.94,10671.35,15.36,65119.76,153496.57,219,1193,694.92,762.45,BENIGN
443,2235485,13,16,7992,16011,900,614.79,1521,1000.74,10737.76,12.97,77085.71,171960.42,197,1319,827.73,816.43,BENIGN
80,3076257,21,13,13533,11890,713,644.44,1287,914.63,8264.42,11.05,90478.16,146488.46,399,1492,747.75,779.02,BENIGN
53,2235847,21,23,13000,16862,862,619.07,922,733.16,13356.54,19.68,50814.71,106468.91,490,923,678.71,675.74,BENIGN
8080,1712672,9,20,5678,12228,828,630.91,804,611.45,10455.67,16.93,59057.66,190296.89,444,791,617.49,677.61,BENIGN
8080,2029009,26,12,11413,10409,626,439.0,1211,867.49,10755.91,18.73,53394.99,78038.83,189,1133,574.31,561.11,BENIGN
8080,2748379,14,23,8384,14549,756,598.87,883,632.6,8344.5,13.46,74280.54,196312.85,208,824,619.83,657.06,BENIGN
443,4243054,17,18,6893,15486,587,405.51,963,860.35,5274.49,8.25,121230.12,249591.42,228,1430,639.43,672.49,BENIGN
443,2123069,13,13,5109,7502,468,393.04,743,577.09,5940.28,12.25,81656.53,163313.07,242,951,485.06,532.88,BENIGN
443,2707970,10,13,5707,14480,841,570.76,1604,1113.85,7454.91,8.49,117737.84,270797.02,348,1865,877.72,882.37,BENIGN
443,2660605,4,23,2715,28311,798,678.87,1707,1230.94,11661.64,10.15,98540.93,665151.3,275,1779,1149.15,1211.69,BENIGN
22,2458,3,2,120,124,47,40.13,74,62.31,99676.68,2034.07,491.63,819.38,25,77,49.0,50.03,SSH-Patator
80,3063083,12,26,8393,30707,934,699.43,1740,1181.05,12765.07,12.41,80607.45,255256.93,478,1718,1028.96,1019.38,BENIGN
80,2369873,6,17,3762,13728,816,627.01,1279,807.56,7380.39,9.71,103037.97,394978.88,369,1183,760.46,811.14,BENIGN
443,2484933,10,17,5728,17778,713,572.82,1547,1045.82,9459.88,10.87,92034.58,248493.37,408,1351,870.64,912.49,BENIGN
22,1216,1,1,52,74,83,52.69,100,74.54,104615.71,1644.43,608.11,1216.23,17,121,63.62,69.75,FTP-Patator
8080,1486148,5,14,3350,10526,826,670.13,1159,751.91,9337.84,12.78,78218.32,297229.61,402,1057,730.39,783.04,BENIGN
22,2334,3,2,144,152,61,48.16,114,76.4,127355.76,2141.93,466.87,778.11,35,121,59.46,62.63,FTP-Patator
22,2687,2,2,114,174,67,57.07,101,87.17,107345.27,1488.43,671.85,1343.7,23,120,72.12,71.61,SSH-Patator
80,2807805,15,22,7185,18042,765,479.0,1185,820.11,8984.76,13.18,75886.63,187187.02,320,1131,681.82,679.46,BENIGN
53,1941011,8,15,3346,11027,644,418.35,1173,735.17,7405.61,11.85,84391.79,242626.4,317,1189,624.97,600.7,BENIGN
443,3127627,13,26,7323,28049,733,563.34,1358,1078.81,11309.74,12.47,80195.59,240586.76,368,1560,906.99,969.94,BENIGN
8080,2291379,20,20,9362,20462,625,468.11,1322,1023.14,13016.12,17.46,57284.49,114568.97,179,1330,745.62,758.08,BENIGN
443,3236262,16,16,10099,19442,926,631.23,1552,1215.17,9128.56,9.89,101133.21,202266.42,497,2044,923.2,965.06,BENIGN
8080,2567877,15,22,7637,23779,697,509.16,1350,1080.89,12234.65,14.41,69402.09,171191.82,238,1509,849.11,891.57,BENIGN
22,1619,2,3,98,186,60,49.27,91,62.14,175952.13,3087.39,323.9,809.75,32,89,56.99,59.65,FTP-Patator
8080,1686869,5,10,2450,7151,620,490.2,849,715.14,5692.41,8.89,112457.98,337373.94,290,1141,640.16,701.98,BENIGN
53,1732874,13,23,7176,15107,639,552.04,803,656.85,12859.57,20.77,48135.4,133298.04,367,828,619.0,623.0,BENIGN
443,3711924,13,20,10460,15358,1277,804.64,1113,767.94,6955.71,8.89,112482.57,285532.68,535,1126,782.4,855.13,BENIGN
443,755078,19,17,8024,15770,587,422.35,1028,927.69,31513.95,47.68,20974.4,39740.97,285,1503,660.99,631.67,BENIGN
8080,3845743,10,14,5468,10732,853,546.9,859,766.6,4212.81,6.24,160239.31,384574.33,179,1258,675.06,711.01,BENIGN
22,2175,2,2,127,118,96,63.8,87,59.26,113150.77,1838.96,543.79,1087.57,43,77,61.53,59.39,FTP-Patator
443,441128,11,8,5456,8948,697,496.07,1459,1118.53,32654.75,43.07,23217.31,40102.62,310,1534,758.16,794.72,BENIGN
8080,789634,14,13,6273,13236,685,448.13,1399,1018.22,24708.49,34.19,29245.74,56402.49,145,1466,722.62,765.3,BENIGN
443,1882196,19,23,8086,25323,497,425.62,1511,1101.03,17750.81,22.31,44814.2,99062.98,329,1797,795.49,785.4,BENIGN
8080,1797249,7,8,4807,6931,777,686.74,1242,866.46,6531.58,8.35,119816.63,256749.93,243,1465,782.59,845.75,BENIGN
21,2780,1,2,35,119,54,35.22,88,59.69,55595.98,1078.78,926.97,2780.91,16,79,51.54,56.02,SSH-Patator
443,3738379,15,13,5009,12090,407,333.96,1290,930.05,4574.21,7.49,133513.54,249225.28,100,1143,610.72,662.53,BENIGN
443,2969880,15,16,6640,17594,697,442.69,1561,1099.63,8160.08,10.44,95802.61,197992.05,224,1543,781.76,770.27,BENIGN
21,1595,1,1,41,87,54,41.48,112,87.3,80726.92,1253.66,797.66,1595.32,31,115,64.39,68.45,FTP-Patator
53,2466346,14,12,8526,12482,682,609.06,1307,1040.21,8518.4,10.54,94859.48,176167.61,371,1521,808.05,799.73,BENIGN
443,1158611,12,20,5829,26439,660,485.78,1902,1321.96,27851.11,27.62,36206.6,96550.93,252,2167,1008.39,1045.55,BENIGN
443,2935252,16,17,7688,21223,636,480.56,1906,1248.44,9850.08,11.24,88947.05,183453.3,235,1658,876.14,947.8,BENIGN
443,590112,10,5,4691,4825,598,469.19,1101,965.17,16128.8,25.42,39340.85,59011.27,193,1213,634.52,677.54,BENIGN
22,1276,1,3,68,258,101,68.92,94,86.2,256670.77,3134.73,319.01,1276.03,31,117,81.88,90.06,SSH-Patator
53,3048778,18,26,9834,25722,836,546.38,1399,989.34,11662.9,14.43,69290.42,169376.59,274,1483,808.13,828.85,BENIGN
443,2385915,8,16,3874,11296,547,484.3,878,706.02,6358.43,10.06,99413.14,298239.43,193,909,632.11,624.54,BENIGN
443,3282600,17,18,8170,20092,559,480.64,1478,1116.24,8610.03,10.66,93788.58,193094.14,269,1535,807.52,811.44,BENIGN
443,2561363,9,8,5021,8694,764,557.94,1423,1086.84,5355.05,6.64,150668.43,284595.92,180,1454,806.84,881.32,BENIGN
443,802362,19,18,9149,14599,617,481.57,1052,811.06,29598.86,46.11,21685.47,42229.59,237,1052,641.86,664.05,BENIGN
80,2618605,10,25,7632,24938,846,763.26,1458,997.53,12438.27,13.37,74817.31,261860.59,591,1357,930.6,966.57,BENIGN
443,1890895,13,10,9496,8294,974,730.47,1253,829.49,9408.78,12.16,82212.83,145453.46,465,1107,773.52,740.11,BENIGN
53,2278656,11,11,6961,8627,741,632.89,1102,784.33,6841.52,9.65,103575.3,207150.61,353,1236,708.61,709.59,BENIGN
443,2402783,16,11,8955,9867,633,559.69,1387,897.02,7833.56,11.24,88992.0,150174.0,254,1111,697.12,681.35,BENIGN
443,2712879,16,25,7123,18927,571,445.23,1166,757.08,9602.6,15.11,66167.79,169554.96,335,1268,635.38,685.23,BENIGN
80,3225058,15,15,8792,13853,708,586.14,1397,923.58,7021.86,9.3,107501.95,215003.91,395,1185,754.86,738.18,BENIGN
8080,2462671,9,11,5368,9719,748,596.53,1024,883.6,6126.86,8.12,123133.56,273630.12,451,1416,754.42,733.95,BENIGN
443,1287351,17,20,10776,11870,922,633.94,934,593.52,17592.15,28.74,34793.3,75726.59,260,814,612.09,622.86,BENIGN
80,2286869,14,16,5762,13992,522,411.57,1274,874.53,8638.2,13.12,76228.98,163347.81,255,1438,658.48,708.02,BENIGN
443,3007705,14,19,4085,20958,446,291.85,1581,1103.05,8326.56,10.97,91142.6,214836.13,222,1807,758.9,741.1,BENIGN
443,1677478,23,5,9943,5085,591,432.34,1545,1017.07,8959.35,16.69,59909.94,72933.84,156,1664,536.75,547.95,BENIGN
21,2370,2,1,113,94,72,56.75,110,94.2,87602.38,1265.3,790.33,1185.49,42,114,69.23,70.93,SSH-Patator
80,2659663,12,26,7266,16317,764,605.5,875,627.6,8867.15,14.29,69991.16,221638.66,240,826,620.62,616.97,BENIGN
443,2585235,16,16,6414,14280,563,400.88,1006,892.55,8005.06,12.38,80788.61,161577.22,186,1248,646.72,624.26,BENIGN
443,1856251,16,23,7914,15315,722,494.68,968,665.88,12514.52,21.01,47596.2,116015.74,374,935,595.64,639.68,BENIGN
80,2570827,12,18,4736,19250,600,394.7,1243,1069.46,9330.28,11.67,85694.27,214235.66,220,1729,799.55,863.15,BENIGN
53,1458193,14,3,8801,2703,769,628.65,1061,901.33,7889.92,11.66,85776.11,104156.7,498,1469,676.77,717.8,BENIGN
443,2166920,17,25,8730,20695,598,513.58,1220,827.8,13579.63,19.38,51593.35,127465.93,248,1267,700.62,682.86,BENIGN
443,3697125,16,13,10276,10199,717,642.31,1098,784.57,5538.43,7.84,127487.08,231070.34,260,1294,706.08,737.93,BENIGN
443,820665,12,22,6849,26346,653,570.83,1608,1197.58,40450.9,41.43,24137.22,68388.79,391,2026,976.37,1044.25,BENIGN
443,1684714,14,19,7844,26223,712,560.34,2208,1380.18,20222.0,19.59,51051.94,120336.72,374,1678,1032.37,1074.07,BENIGN
443,3548244,9,10,3321,10485,446,369.03,1310,1048.51,3891.05,5.35,186749.71,394249.39,271,1473,726.65,797.56,BENIGN
21,741,1,1,99,100,137,99.81,154,100.89,270633.94,2697.0,370.78,741.56,41,160,100.35,105.98,SSH-Patator
80,1951750,12,12,9450,10019,1118,787.55,956,834.99,9975.96,12.3,81322.94,162645.88,623,1185,811.27,835.0,BENIGN
53,2670494,13,15,6820,6936,723,524.68,673,462.45,5151.74,10.48,95374.79,205422.62,328,662,491.35,506.37,BENIGN
443,3680293,16,13,9164,13194,684,572.79,1384,1014.93,6075.24,7.88,126906.68,230018.36,243,1386,770.99,784.52,BENIGN
53,3185530,22,9,11257,5751,691,511.7,870,639.07,5339.43,9.73,102759.04,144796.83,234,1045,548.68,559.41,BENIGN
443,1174873,15,18,9486,18705,802,632.42,1215,1039.19,23995.43,28.09,35602.23,78324.9,246,1456,854.29,820.68,BENIGN
443,811877,8,15,5981,17470,1080,747.69,1545,1164.68,28885.78,28.33,35299.01,101484.65,473,1641,1019.64,1027.49,BENIGN
8080,1045506,15,15,7414,15990,641,494.32,1192,1066.0,22386.15,28.69,34850.21,69700.42,214,1597,780.16,780.35,BENIGN
8080,2604054,15,10,9705,10223,788,647.04,1351,1022.39,7653.26,9.6,104162.17,173603.62,357,1616,797.18,834.81,BENIGN
443,1037731,17,16,9436,17153,761,555.11,1247,1072.12,25624.04,31.8,31446.41,61043.03,199,1800,805.78,857.91,BENIGN
443,1607781,20,23,12121,18935,780,606.05,1254,823.3,19316.67,26.74,37390.28,80389.1,272,1284,722.26,782.14,BENIGN
443,3054594,18,19,11948,21833,945,663.8,1405,1149.15,11059.49,12.11,82556.62,169699.71,272,1818,913.03,938.81,BENIGN
8080,1915911,16,21,7847,20418,757,490.46,1155,972.33,14753.49,19.31,51781.38,119744.45,321,1249,763.96,785.01,BENIGN
443,3802244,15,10,10912,9799,1023,727.48,1521,979.92,5447.15,6.58,152089.79,253482.99,393,1268,828.46,801.32,BENIGN
80,2967709,13,15,8614,12806,861,662.63,1281,853.75,7217.83,9.43,105989.61,228285.32,385,1234,765.01,806.06,BENIGN
443,3785039,13,11,5543,10935,569,426.45,1422,994.1,4353.7,6.34,157709.98,291156.88,310,1461,686.62,681.24,BENIGN
80,3082548,10,13,5792,10793,849,579.22,1263,830.3,5380.66,7.46,134023.84,308254.83,232,1001,721.14,780.12,BENIGN
53,2613513,16,17,8086,12370,588,505.41,955,727.7,7827.54,12.63,79197.37,163344.57,296,1144,619.92,626.4,BENIGN
443,806117,9,24,4693,18224,776,521.53,1089,759.34,28430.04,40.94,24427.81,89568.65,197,1112,694.48,702.84,BENIGN
443,965208,7,10,4286,9250,680,612.38,1339,925.0,14024.64,17.61,56776.95,137886.88,237,1236,796.28,836.13,BENIGN
22,1225,1,1,25,120,38,25.97,139,120.87,119802.66,1631.83,612.81,1225.62,20,199,73.42,73.75,FTP-Patator
53,3779422,21,23,11209,16078,684,533.77,826,699.08,7220.13,11.64,85895.98,179972.52,319,1122,620.18,631.44,BENIGN
80,2121427,14,17,9000,14895,953,642.86,1141,876.2,11263.87,14.61,68433.15,151530.55,303,1130,770.82,775.37,BENIGN
443,1977595,13,11,7732,11713,683,594.82,1376,1064.88,9833.38,12.14,82399.8,152122.72,258,1485,810.27,887.48,BENIGN
53,1686264,11,20,6882,9579,861,625.69,548,478.95,9762.22,18.38,54395.64,153296.8,253,1046,531.02,510.69,BENIGN
80,1622089,8,14,6339,14974,1095,792.44,1526,1069.63,13140.04,13.56,73731.32,202761.14,336,1308,968.83,946.87,BENIGN
53,2861162,21,17,13230,14168,941,630.01,1271,833.43,9576.05,13.28,75293.74,136245.81,280,1119,721.02,756.85,BENIGN
21,1592,3,2,100,140,37,33.56,96,70.43,151686.17,3139.97,318.47,530.79,22,116,48.31,50.22,FTP-Patator
443,1037421,7,16,4610,11651,798,658.62,1085,728.2,15674.89,22.17,45105.27,148203.02,406,962,707.02,730.82,BENIGN
21,1863,2,1,134,121,95,67.2,142,121.39,137276.65,1610.02,621.11,931.67,37,154,85.26,84.87,SSH-Patator
443,3530022,17,10,6680,8020,556,392.97,1191,802.03,4164.5,7.65,130741.59,207648.4,188,1079,544.47,527.25,BENIGN
8080,2358257,15,20,9855,13085,759,657.02,1040,654.28,9727.84,14.84,67378.77,157217.14,438,1072,655.45,658.28,BENIGN
22,2134,2,2,43,126,29,21.61,86,63.5,79741.19,1873.8,533.67,1067.35,14,106,42.56,43.33,SSH-Patator
443,2172989,15,24,5876,15093,538,391.8,772,628.89,9650.42,17.95,55717.67,144865.94,209,901,537.7,539.2,BENIGN
443,2587662,15,20,8111,12193,719,540.77,855,609.66,7846.72,13.53,73933.21,172510.81,231,1020,580.13,606.82,BENIGN
8080,3562784,16,21,7647,19069,733,477.95,1166,908.09,7498.93,10.39,96291.46,222674.0,261,1541,722.08,723.09,BENIGN
443,2027976,19,12,10912,12534,834,574.32,1261,1044.53,11561.49,15.29,65418.6,106735.61,425,1708,756.34,744.22,BENIGN
443,3530702,14,13,7314,11402,680,522.47,1073,877.08,5301.1,7.65,130766.77,252193.07,312,1241,693.21,729.65,BENIGN
8080,1922946,16,3,9791,2314,728,611.96,1117,771.39,6295.33,9.88,101207.7,120184.15,409,1082,637.14,683.71,BENIGN
443,3258907,9,10,5697,7573,764,633.08,1053,757.35,4072.3,5.83,171521.47,362100.89,462,1172,698.49,745.21,BENIGN
443,2759851,13,7,8489,7909,968,653.02,1420,1129.99,5942.08,7.25,137992.59,212296.29,347,1909,819.96,882.59,BENIGN
21,1976,1,2,87,172,134,87.26,122,86.24,131422.69,1517.94,658.79,1976.36,47,105,86.58,93.98,SSH-Patator
443,1867195,6,13,3490,12654,887,581.71,1444,973.46,8646.77,10.18,98273.47,311199.31,425,1446,849.75,889.3,BENIGN
53,1733714,19,16,13728,11204,923,722.55,903,700.29,14381.32,20.19,49534.69,91248.12,556,1112,712.37,723.15,BENIGN
8080,2613231,21,14,11979,10737,790,570.47,998,766.97,8693.25,13.39,74663.76,124439.6,280,1205,649.07,687.73,BENIGN
8080,2370377,12,16,5678,16906,521,473.23,1650,1056.63,9527.98,11.81,84656.34,197531.46,212,1275,806.6,810.35,BENIGN
53,2302415,15,14,8739,10140,770,582.6,1063,724.3,8199.77,12.6,79393.63,153494.34,421,1149,651.01,696.24,BENIGN
443,1808770,17,14,7122,11656,607,419.0,1057,832.58,10382.24,17.14,58347.42,106398.24,259,1262,605.78,575.78,BENIGN
8080,2556908,17,16,5542,21725,423,326.06,1680,1357.87,10664.76,12.91,77482.06,150406.36,210,1695,826.33,822.88,BENIGN
21,2794,2,2,134,78,93,67.28,60,39.28,76248.67,1431.18,698.73,1397.45,29,92,53.28,51.79,SSH-Patator
8080,2644793,16,21,6594,19790,457,412.14,1274,942.39,9975.95,13.99,71480.91,165299.59,290,1350,713.09,679.3,BENIGN
443,3342555,17,12,8552,11695,691,503.09,1483,974.61,6057.59,8.68,115260.54,196620.92,246,1293,698.2,750.08,BENIGN
443,4053036,16,15,10664,11912,1047,666.52,900,794.18,5570.4,7.65,130743.12,253314.79,524,1315,728.29,697.56,BENIGN
443,2511190,9,25,4814,25364,704,534.94,1403,1014.58,12017.79,13.54,73858.54,279021.16,402,1484,887.62,913.14,BENIGN
443,2573469,12,14,8061,11669,807,671.82,922,833.52,7667.14,10.1,98979.58,214455.76,353,1021,758.89,724.2,BENIGN
21,1894,1,2,100,80,125,100.22,45,40.36,95481.69,1583.17,631.64,1894.93,19,153,60.31,62.17,FTP-Patator
21,2275,2,1,115,100,78,57.65,112,100.5,94839.85,1318.44,758.47,1137.71,32,121,71.93,78.41,SSH-Patator
443,1177363,8,12,5669,10769,935,708.71,1113,897.48,13962.9,16.99,58868.15,147170.38,562,1131,821.97,804.33,BENIGN
443,1316868,16,27,8394,31417,692,524.68,1717,1163.6,30232.38,32.65,30624.86,82304.3,256,1656,925.86,940.24,BENIGN
80,3424117,14,13,7216,9536,808,515.45,1163,733.56,4892.52,7.89,126819.16,244579.82,329,1143,620.47,680.29,BENIGN
8080,1858853,15,23,8730,13696,692,582.06,818,595.48,12064.96,20.44,48917.19,123923.54,178,1003,590.18,618.06,BENIGN
80,2618949,18,22,8451,16998,590,469.51,956,772.64,9717.38,15.27,65473.73,145497.18,269,1147,636.23,617.08,BENIGN
21,2229,1,1,30,99,35,30.71,134,99.79,58535.55,897.1,1114.7,2229.4,17,144,65.25,64.48,SSH-Patator
443,4387359,22,13,14054,9977,896,638.84,865,767.52,5477.59,7.98,125353.12,199425.43,469,961,686.63,742.24,BENIGN
8080,3211026,17,11,8974,6225,653,527.94,795,565.95,4733.79,8.72,114679.5,188883.89,349,876,542.87,531.2,BENIGN
8080,2252552,9,18,4510,9817,592,501.2,630,545.39,6360.75,11.99,83427.87,250283.62,270,696,530.66,567.39,BENIGN
22,3336,2,2,143,159,86,71.54,115,79.64,90629.46,1198.96,834.06,1668.12,54,101,75.59,74.78,FTP-Patator
443,1815103,21,10,12317,8014,762,586.57,1159,801.48,11201.95,17.08,58551.73,86433.51,354,1270,655.89,653.96,BENIGN
22,1619,3,2,55,149,27,18.61,103,74.84,126886.25,3087.11,323.93,539.88,9,121,41.1,40.91,FTP-Patator
22,2086,1,1,89,90,114,89.17,119,90.4,86054.83,958.42,1043.39,2086.78,42,130,89.79,94.82,FTP-Patator
8080,1702336,11,16,5392,18882,560,490.25,1644,1180.15,14259.85,15.86,63049.5,154757.87,325,1748,899.08,906.9,BENIGN
21,120,3,1,101,95,50,33.99,105,95.36,1644517.66,33333.33,30.0,40.0,12,143,49.34,53.74,FTP-Patator
443,720795,12,15,4065,16892,443,338.82,1647,1126.17,29076.67,37.46,26696.13,60066.3,251,1355,776.23,837.85,BENIGN
443,2461283,13,18,4542,15860,448,349.45,1402,881.13,8289.64,12.6,79396.23,189329.48,213,1217,658.17,661.39,BENIGN
80,2965310,15,18,8105,13917,620,540.37,1172,773.22,7427.03,11.13,89857.91,197687.4,276,1233,667.38,646.62,BENIGN
21,3207,2,1,104,80,72,52.13,126,80.71,57664.19,935.29,1069.19,1603.79,26,110,61.65,63.47,FTP-Patator
80,1668560,14,18,5728,14419,501,409.18,934,801.07,12074.88,19.18,52142.52,119182.91,284,1272,629.61,627.74,BENIGN
8080,2476453,10,15,5636,15885,855,563.68,1590,1059.05,8690.88,10.1,99058.13,247645.33,444,1756,860.9,906.33,BENIGN
80,3730243,9,14,4101,8606,522,455.68,898,614.73,3406.59,6.17,162184.5,414471.51,297,879,552.5,603.84,BENIGN
443,3477372,15,11,5224,9796,501,348.33,1398,890.61,4319.82,7.48,133745.1,231824.85,108,1213,577.76,600.3,BENIGN
443,2942899,10,21,2276,19917,287,227.69,1374,948.44,7541.62,10.53,94932.23,294289.91,94,1262,715.94,758.59,BENIGN
443,512929,10,22,5606,18753,650,560.68,1282,852.44,47492.84,62.39,16029.03,51292.9,343,1350,761.26,747.54,BENIGN
80,1590839,18,12,10960,9811,686,608.93,1119,817.64,13057.5,18.86,53027.97,88379.95,282,1162,692.41,687.5,BENIGN
21,1938,3,2,122,117,51,40.68,75,58.84,123628.98,2578.71,387.79,646.32,14,97,47.94,48.89,SSH-Patator
80,2809157,13,9,6766,7564,600,520.47,984,840.44,5101.21,7.83,127688.97,216089.03,247,1189,651.37,619.72,BENIGN
80,666225,9,15,4206,20533,738,467.41,1639,1368.93,37135.52,36.02,27759.41,74025.09,226,1884,1030.86,1001.1,BENIGN
443,3599033,14,19,4856,16636,520,346.93,1325,875.59,5971.92,9.17,109061.63,257073.85,237,1482,651.31,628.59,BENIGN
80,2393396,6,12,3635,9228,712,605.92,1186,769.06,5374.9,7.52,132966.48,398899.43,263,1141,714.68,708.3,BENIGN
443,1585672,17,9,11219,8623,887,659.99,1136,958.18,12514.19,16.4,60987.42,93274.88,220,1399,763.21,730.46,BENIGN
443,1940549,15,24,8792,16617,737,586.15,960,692.41,13094.23,20.1,49757.69,129369.98,353,1048,651.54,694.13,BENIGN
80,897049,13,25,5974,7988,513,459.56,389,319.54,15565.14,42.36,23606.57,69003.82,142,674,367.44,382.07,BENIGN
8080,2935759,14,16,7168,13805,752,512.05,1228,862.87,7144.54,10.22,97858.65,209697.11,287,1336,699.16,735.16,BENIGN
443,2715794,17,13,10180,11580,689,598.87,1227,890.81,8012.87,11.05,90526.49,159752.62,310,1426,725.38,767.99,BENIGN
53,4235599,9,11,4514,5599,692,501.65,736,509.05,2387.96,4.72,211779.95,470622.12,290,630,505.72,543.72,BENIGN
443,2938302,15,10,8444,10019,778,562.99,1584,1001.92,6283.9,8.51,117532.09,195886.81,437,1516,738.56,711.43,BENIGN
443,3175946,11,17,5772,13167,645,524.73,1008,774.59,5963.58,8.82,113426.65,288722.38,382,1205,676.43,654.42,BENIGN
443,3014771,19,4,10367,4285,756,545.68,1179,1071.47,4860.65,7.63,131077.02,158672.19,216,1606,637.12,657.09,BENIGN
53,2115963,12,14,6169,11572,636,514.1,1038,826.63,8384.85,12.29,81383.21,176330.29,173,1404,682.39,654.51,BENIGN
53,3828435,12,26,7379,17588,913,614.95,801,676.47,6521.62,9.93,100748.31,319036.3,281,870,657.04,704.13,BENIGN
443,2406212,9,24,5437,23903,795,604.19,1546,995.98,12193.93,13.71,72915.52,267356.9,421,1421,889.13,880.41,BENIGN
443,1262182,17,19,4635,18112,338,272.67,1383,953.27,18022.33,28.52,35060.63,74246.05,112,1585,631.87,619.42,BENIGN
8080,1255433,12,7,6188,6024,584,515.75,1247,860.65,9728.55,15.13,66075.44,104619.44,397,1377,642.82,700.6,BENIGN
443,3784371,13,21,9229,21460,934,709.97,1235,1021.91,8109.6,8.98,111305.03,291105.47,465,1634,902.64,887.0,BENIGN
8080,1368800,19,11,8836,7741,635,465.08,977,703.73,12111.06,21.92,45626.68,72042.13,261,1132,552.59,596.08,BENIGN
443,3765933,16,3,10901,3060,1001,681.37,1610,1020.33,3707.67,5.05,198207.01,235370.83,451,1367,734.89,709.26,BENIGN
443,1147593,26,12,14590,9768,662,561.19,1024,814.06,21226.62,33.11,30199.84,44138.22,362,1120,641.04,631.05,BENIGN
80,2535616,11,22,6679,20623,676,607.21,1283,937.42,10767.59,13.01,76836.87,230510.6,197,1256,827.35,792.25,BENIGN
8080,2511800,13,24,8330,29314,835,640.79,1548,1221.43,14987.08,14.73,67886.5,193215.42,303,1474,1017.42,1084.09,BENIGN
53,2880314,17,23,11726,10968,946,689.82,593,476.9,7879.57,13.89,72007.87,169430.29,228,1130,567.39,548.49,BENIGN
53,1437152,13,15,5571,12659,665,428.54,1010,843.99,12685.44,19.48,51326.87,110550.19,192,1379,651.1,624.52,BENIGN
443,2608110,17,21,6436,19546,486,378.63,1156,930.76,9962.28,14.57,68634.5,153418.29,255,1365,683.76,673.88,BENIGN
443,3856840,12,11,5860,11272,739,488.38,1633,1024.76,4442.22,5.96,167688.71,321403.36,179,1389,744.91,724.91,BENIGN
80,2797234,15,20,10650,12753,910,710.05,819,637.67,8366.95,12.51,79920.97,186482.27,247,1198,668.69,696.0,BENIGN
8080,1350270,11,14,6929,6644,708,629.98,733,474.62,10053.17,18.51,54010.82,122751.87,274,1044,542.98,547.62,BENIGN
443,731455,12,16,6046,16214,582,503.89,1422,1013.39,30433.69,38.28,26123.41,60954.63,383,1627,795.03,791.08,BENIGN
443,2153459,10,21,4774,12417,659,477.43,783,591.33,7983.53,14.4,69466.43,215345.93,184,946,554.59,579.14,BENIGN
443,1926428,16,11,6007,8545,556,375.47,1144,776.83,7554.24,14.02,71349.22,120401.81,221,1029,538.99,569.06,BENIGN
443,2602549,11,17,6376,15417,860,579.68,1386,906.91,8374.08,10.76,92948.2,236595.41,246,1325,778.36,779.67,BENIGN
80,1242431,5,10,2322,7880,600,464.46,1006,788.09,8212.26,12.07,82828.75,248486.26,144,1009,680.21,727.38,BENIGN
21,1966,2,2,74,62,47,37.46,37,31.25,69861.69,2033.56,491.75,983.49,21,48,34.35,33.29,FTP-Patator
22,1252,2,2,157,101,98,78.65,58,50.53,206217.79,3192.72,313.21,626.42,28,129,64.59,70.3,FTP-Patator
22,1972,2,3,92,157,54,46.25,76,52.43,126614.08,2534.32,394.58,986.46,24,86,49.96,50.23,FTP-Patator
8080,2777532,15,13,6348,12259,663,423.25,1320,943.03,6699.5,10.08,99197.6,185168.85,322,1354,664.57,728.15,BENIGN
80,1761560,16,18,6940,25851,566,433.76,1686,1436.18,18615.01,19.3,51810.6,110097.53,170,2157,964.45,1038.71,BENIGN
443,4015386,10,11,6466,8589,983,646.68,1102,780.88,3749.72,5.23,191208.89,401538.68,297,1260,716.98,711.04,BENIGN
443,2816189,13,10,7565,7182,875,581.98,1122,718.28,5237.06,8.17,122443.02,216629.95,320,1202,641.24,665.57,BENIGN
443,2040219,13,14,6767,16594,697,520.59,1656,1185.31,11450.7,13.23,75563.67,156939.94,313,1911,865.26,927.65,BENIGN
53,3522261,20,13,11617,14536,798,580.86,1318,1118.23,7425.41,9.37,106735.21,176113.1,191,1448,792.55,788.56,BENIGN
8080,2369001,21,16,13488,14309,884,642.33,1223,894.32,11734.08,15.62,64027.07,112809.6,422,1497,751.3,792.0,BENIGN
443,3098015,18,21,5968,15058,517,331.61,1035,717.06,6787.31,12.59,79436.3,172111.99,159,1201,539.16,570.31,BENIGN
21,2514,3,1,177,76,91,59.29,93,76.95,101330.39,1590.59,628.7,838.27,27,118,63.71,62.01,FTP-Patator
80,2815654,17,13,11195,12749,953,658.56,1193,980.74,8504.26,10.65,93855.14,165626.72,414,1288,798.17,838.31,BENIGN
22,1803,3,2,130,158,62,43.56,104,79.31,160424.49,2772.64,360.67,601.11,30,128,57.86,60.47,FTP-Patator
443,3240968,21,20,8858,20171,669,421.83,1232,1008.56,8957.1,12.65,79048.01,154331.83,236,1682,708.04,749.4,BENIGN
443,1449914,18,10,11719,9756,808,651.09,1216,975.63,14811.88,19.31,51782.68,80550.83,439,1553,767.0,809.12,BENIGN
443,2783093,18,9,12606,10354,1089,700.34,1729,1150.55,8250.19,9.7,103077.55,154616.32,503,1670,850.41,839.25,BENIGN
53,2014122,10,13,6699,6841,1044,669.91,585,526.27,6722.8,11.42,87570.55,201412.25,369,1063,588.72,622.16,BENIGN
443,3754424,9,11,4373,12383,552,485.9,1699,1125.75,4463.07,5.33,187721.25,417158.33,335,1538,837.81,828.3,BENIGN
21,2276,1,1,43,33,49,43.76,39,33.66,34002.07,878.41,1138.42,2276.84,22,74,38.71,36.9,SSH-Patator
8080,2329243,15,15,7978,12316,726,531.88,1036,821.08,8712.84,12.88,77641.46,155282.92,412,1165,676.48,727.79,BENIGN
8080,4018494,17,3,5025,1806,352,295.6,888,602.19,1700.06,4.98,200924.71,236382.01,214,976,341.58,332.47,BENIGN
8080,3123174,17,19,9734,17778,814,572.64,1356,935.7,8809.34,11.53,86754.84,183716.12,339,1391,764.25,750.47,BENIGN
443,1872821,13,21,7053,14423,735,542.55,780,686.84,11467.54,18.15,55082.97,144063.15,282,855,631.67,607.26,BENIGN
80,2502417,11,19,5047,16896,551,458.9,1258,889.28,8769.23,11.99,83413.92,227492.52,284,1302,731.48,788.3,BENIGN
8080,2372138,16,20,10767,20032,815,672.95,1451,1001.61,12983.81,15.18,65892.74,148258.67,321,1205,855.54,926.75,BENIGN
53,2239064,13,4,7612,3387,829,585.55,1144,846.97,4912.77,7.59,131709.7,172235.76,321,1285,647.06,683.74,BENIGN
8080,3371217,13,20,5274,15368,522,405.76,1134,768.4,6123.28,9.79,102158.12,259324.45,290,1162,625.54,622.85,BENIGN
8080,1856953,19,24,7568,19747,549,398.33,1013,822.82,14710.07,23.16,43184.97,97734.41,300,1395,635.25,681.39,BENIGN
443,3827249,6,21,3615,14125,847,602.6,946,672.65,4635.53,7.05,141749.97,637874.86,461,836,657.09,675.41,BENIGN
22,519,4,1,199,51,55,49.86,68,51.05,482271.17,9626.66,103.88,129.85,38,81,50.1,47.8,FTP-Patator
443,2791215,11,11,6017,12516,716,547.06,1694,1137.86,6640.15,7.88,126873.45,253746.89,309,1933,842.46,920.72,BENIGN
53,2666497,11,16,4090,10613,466,371.91,871,663.34,5514.48,10.13,98759.17,242408.87,256,1012,544.61,561.7,BENIGN
21,1501,2,3,119,191,92,59.68,91,63.83,206959.61,3329.08,300.38,750.96,27,84,62.17,61.4,FTP-Patator
53,2563086,11,19,5573,13026,630,506.72,807,685.58,7256.85,11.7,85436.22,233007.86,258,1127,620.0,681.52,BENIGN
80,4107274,10,19,4866,19438,712,486.68,1607,1023.06,5917.52,7.06,141630.14,410727.41,196,1229,838.1,812.09,BENIGN
443,2451407,9,15,5880,14696,777,653.38,1385,979.73,8393.73,9.79,102142.0,272378.66,367,1194,857.35,816.45,BENIGN
443,2873299,15,19,9967,13606,765,664.48,907,716.11,8204.26,11.83,84508.81,191553.31,338,1035,693.33,698.0,BENIGN
443,2292400,9,18,4473,10096,749,497.06,815,560.9,6355.67,11.78,84903.73,254711.18,209,673,539.62,522.41,BENIGN
53,1715874,14,19,7125,23027,784,508.94,1431,1211.97,17572.67,19.23,51996.21,122562.5,282,2050,913.71,907.59,BENIGN
22,1707,2,2,120,122,76,60.32,90,61.31,142445.6,2342.38,426.92,853.83,44,91,60.81,62.54,SSH-Patator
8080,1668013,16,13,9432,14280,773,589.54,1705,1098.5,14216.39,17.39,57517.72,104250.86,393,1782,817.69,799.05,BENIGN
443,928773,11,10,5208,7865,554,473.52,1059,786.51,14076.41,22.61,44227.32,84433.97,234,1246,622.56,616.97,BENIGN
443,2729000,13,5,4698,5123,498,361.4,1409,1024.61,3598.82,6.6,151611.16,209923.14,147,1373,545.62,539.23,BENIGN
80,2872122,20,20,12258,17732,743,612.94,1202,886.62,10442.16,13.93,71803.05,143606.11,242,1386,749.78,803.81,BENIGN
443,1871844,10,16,4250,17807,559,425.09,1514,1112.98,11784.36,13.89,71994.04,187184.5,224,1764,848.4,924.64,BENIGN
443,2922255,21,11,9892,14574,664,471.07,2095,1324.99,8372.74,10.95,91320.47,139155.0,323,1810,764.6,758.4,BENIGN
443,3113847,8,11,5253,6909,1042,656.67,897,628.13,3906.04,6.1,163886.69,389230.88,234,969,640.15,659.19,BENIGN
21,2256,2,1,107,63,73,53.59,80,63.63,75692.16,1329.42,752.21,1128.31,39,91,56.94,55.99,FTP-Patator
8080,2951880,14,25,5100,28163,538,364.32,1589,1126.52,11268.6,13.21,75689.25,210848.62,256,1717,852.91,825.51,BENIGN
443,1770791,13,16,7893,13175,854,607.2,1084,823.46,11898.05,16.38,61061.77,136214.71,296,1120,726.52,776.23,BENIGN
443,1902066,7,7,2308,5753,442,329.82,1069,821.91,4238.58,7.36,135861.87,271723.73,256,1257,575.86,613.73,BENIGN
53,1777155,8,17,5338,19320,744,667.34,1315,1136.49,13875.51,14.07,71086.22,222144.44,240,1560,986.36,1007.35,BENIGN
443,1081050,15,23,7576,17085,777,505.1,898,742.86,22813.33,35.15,28448.7,72070.05,271,1007,649.01,659.57,BENIGN
80,4039505,10,21,3724,17437,546,372.49,1260,830.37,5238.9,7.67,130306.61,403950.5,267,1014,682.66,654.81,BENIGN
53,4185604,11,25,5176,18793,670,470.55,983,751.74,5726.67,8.6,116266.8,380509.51,295,915,665.82,691.54,BENIGN
443,2477879,18,16,7857,15238,537,436.55,1296,952.43,9321.24,13.72,72878.81,137659.97,186,1560,679.32,664.16,BENIGN
8080,3284266,13,18,4353,18895,461,334.87,1669,1049.74,7078.76,9.44,105944.09,252635.9,234,1544,749.95,778.95,BENIGN
443,402066,14,21,7078,19884,789,505.62,1466,946.9,67062.26,87.05,11487.62,28719.06,201,1532,770.39,772.79,BENIGN
8080,3626541,18,18,9649,16203,630,536.06,1095,900.21,7128.84,9.93,100737.26,201474.51,378,1434,718.14,736.25,BENIGN
8080,2967914,15,17,7425,20886,786,495.04,1484,1228.64,9539.49,10.78,92747.32,197860.94,208,2070,884.76,917.57,BENIGN
80,3008073,14,10,8805,11117,987,628.97,1464,1111.73,6623.13,7.98,125336.38,214862.37,428,1663,830.12,861.13,BENIGN
443,1537520,9,7,5586,9590,920,620.77,2102,1370.08,9871.4,10.41,96095.03,170835.61,463,1922,948.59,1037.94,BENIGN
443,2537393,17,17,9395,16576,733,552.69,1251,975.1,10235.9,13.4,74629.22,149258.43,178,1626,763.9,810.17,BENIGN
443,4026702,15,9,6669,6454,500,444.62,901,717.13,3259.12,5.96,167779.26,268446.82,221,1069,546.81,578.78,BENIGN
443,2917070,7,25,2998,21724,628,428.3,1118,868.97,8475.06,10.97,91158.45,416724.34,255,1088,772.57,813.63,BENIGN
443,3298019,10,17,4609,15487,588,460.93,1339,911.04,6093.65,8.19,122148.86,329801.92,219,1172,744.33,753.91,BENIGN
53,2930647,7,24,4242,18452,670,606.03,1083,768.86,7743.97,10.58,94537.01,418663.89,353,1036,732.09,796.06,BENIGN
443,842416,18,19,10199,17910,717,566.65,1240,942.64,33368.12,43.92,22768.02,46800.94,253,1489,759.73,732.65,BENIGN
443,1940206,18,8,7445,5305,632,413.64,739,663.25,6572.21,13.4,74623.33,107789.26,147,854,490.44,512.99,BENIGN
443,2237687,17,17,8788,11580,659,516.99,971,681.21,9102.88,15.19,65814.35,131628.69,395,958,599.1,587.19,BENIGN
443,3188271,9,15,5195,16567,697,577.27,1288,1104.52,6826.04,7.53,132844.65,354252.39,442,1856,906.8,970.28,BENIGN
53,1973840,18,7,9222,5096,678,512.38,1051,728.12,7254.7,12.67,78953.62,109657.8,197,1201,572.78,604.36,BENIGN
21,2675,3,1,166,102,75,55.58,120,102.93,100790.82,1494.97,668.91,891.88,28,143,67.42,72.0,FTP-Patator
80,1281127,12,16,4085,11413,401,340.49,908,713.34,12098.11,21.86,45754.57,106760.65,118,1105,553.54,597.3,BENIGN
53,2027315,18,14,4616,14959,382,256.49,1634,1068.57,9656.55,15.78,63353.6,112628.63,141,1350,611.78,615.34,BENIGN
80,3404767,12,23,5165,18356,579,430.44,1013,798.09,6908.37,10.28,97279.06,283730.59,323,1331,672.04,731.18,BENIGN
80,3734941,15,17,7019,20463,558,467.95,1602,1203.74,7358.27,8.57,116716.92,248996.1,200,1487,858.83,835.83,BENIGN
80,2771852,17,13,9367,12602,740,551.01,1109,969.44,7926.08,10.82,92395.09,163050.16,192,1632,732.33,798.31,BENIGN
8080,2478252,17,17,9280,16486,641,545.91,1355,969.78,10397.14,13.72,72889.79,145779.58,172,1315,757.85,768.16,BENIGN
80,1694435,17,14,6937,12882,608,408.07,1158,920.17,11696.83,18.3,54659.21,99672.68,227,1170,639.34,646.08,BENIGN
22,1504,3,1,207,72,101,69.1,108,72.1,185728.77,2659.07,376.07,501.43,47,97,69.85,68.92,FTP-Patator
443,940816,21,13,16381,10812,970,780.05,949,831.77,28904.77,36.14,27671.06,44800.76,603,1383,799.83,839.93,BENIGN
53,2995213,16,20,7836,16264,760,489.78,1001,813.21,8046.39,12.02,83200.36,187200.81,288,1022,669.46,728.85,BENIGN
80,2432696,12,25,7298,24298,891,608.24,1462,971.93,12988.52,15.21,65748.55,202724.7,474,1441,853.98,836.52,BENIGN
53,2769909,5,14,2646,11947,646,529.24,1226,853.36,5268.52,6.86,145784.7,553981.86,388,1423,768.07,755.46,BENIGN
8080,3124670,14,18,10315,15050,849,736.84,1201,836.16,8118.15,10.24,97645.96,223190.78,496,1271,792.7,838.06,BENIGN
80,2029847,8,16,4224,13352,769,528.0,1162,834.54,8659.09,11.82,84576.99,253730.98,339,1333,732.36,781.89,BENIGN
80,4782258,14,16,8191,19095,673,585.11,1656,1193.46,5705.85,6.27,159408.61,341589.88,451,2026,909.56,988.0,BENIGN
21,1928,2,2,122,214,74,61.12,164,107.18,174568.27,2074.46,482.05,964.1,22,159,84.15,84.48,SSH-Patator
8080,3027194,17,20,8845,17419,620,520.34,1234,870.98,8676.48,12.22,81816.06,178070.26,316,1452,709.88,679.04,BENIGN
80,2084631,16,15,8992,13227,846,562.03,1015,881.82,10658.88,14.87,67246.17,130289.46,249,1245,716.77,778.75,BENIGN
443,1784356,16,16,6028,13467,543,376.8,1214,841.72,10926.19,17.93,55761.14,111522.28,248,1263,609.26,592.83,BENIGN
53,3832876,13,12,7300,11440,770,561.55,1340,953.4,4889.53,6.52,153315.06,294836.66,186,1176,749.64,764.33,BENIGN
80,1966170,5,6,2808,5781,776,561.63,1264,963.56,4368.64,5.59,178742.76,393234.08,221,1632,780.86,821.79,BENIGN
443,1167877,15,12,10142,8934,1006,676.19,1122,744.54,16335.04,23.12,43254.73,77858.51,339,1227,706.57,764.49,BENIGN
53,3052329,16,19,11912,19414,1096,744.54,1597,1021.81,10263.35,11.47,87209.42,190770.61,292,1653,895.06,943.93,BENIGN
8080,217670,16,19,6255,20563,568,390.96,1319,1082.3,123209.82,160.79,6219.15,13604.38,227,1546,766.26,729.15,BENIGN
443,1500403,14,16,8660,16858,911,618.58,1548,1053.63,17007.6,19.99,50013.44,107171.65,309,1554,850.61,846.72,BENIGN
443,1595210,8,20,4616,26135,641,577.01,1814,1306.77,19277.36,17.55,56971.79,199401.28,238,1821,1098.27,1104.19,BENIGN
21,1796,3,2,80,135,39,26.88,95,67.78,120353.79,2783.47,359.26,598.77,11,90,43.24,42.28,SSH-Patator
443,1634472,13,10,11150,11526,1100,857.7,1716,1152.66,13873.99,14.07,71064.04,125728.69,608,1892,985.94,947.09,BENIGN
